timestamp,attacker_ip,target_ip,target_port,predicted_label,confidence,ddos_probability,severity,recommended_action,true_label
2026-03-23 20:57:11,192.168.1.166,10.0.0.250,53,BENIGN,0.9999,0.0001,INFO,No action,BENIGN
2026-03-23 20:57:12,192.168.1.223,10.0.0.212,80,BENIGN,0.9999,0.0001,INFO,No action,DDoS
2026-03-23 20:57:13,192.168.1.9,10.0.0.56,53,BENIGN,0.9999,0.0001,INFO,No action,BENIGN
2026-03-23 20:57:14,192.168.1.106,10.0.0.197,53,BENIGN,0.9999,0.0001,INFO,No action,BENIGN
2026-03-23 20:57:15,192.168.1.132,10.0.0.244,57262,BENIGN,0.9999,0.0001,INFO,No action,BENIGN
2026-03-23 20:57:16,192.168.1.107,10.0.0.244,80,BENIGN,1.0,0.0,INFO,No action,BENIGN
2026-03-23 20:57:17,192.168.1.3,10.0.0.14,80,BENIGN,0.9999,0.0001,INFO,No action,DDoS
2026-03-23 20:57:18,192.168.1.150,10.0.0.115,80,BENIGN,0.9999,0.0001,INFO,No action,DDoS
2026-03-23 20:57:19,192.168.1.220,10.0.0.198,80,BENIGN,0.9999,0.0001,INFO,No action,DDoS
2026-03-23 20:57:20,192.168.1.16,10.0.0.229,62089,BENIGN,0.9999,0.0001,INFO,No action,BENIGN
2026-03-23 21:12:16,192.168.1.122,10.0.0.16,53,BENIGN,0.9999,0.0001,INFO,No action,BENIGN
2026-03-23 21:12:17,192.168.1.193,10.0.0.123,80,BENIGN,0.9999,0.0001,INFO,No action,DDoS
2026-03-23 21:12:18,192.168.1.73,10.0.0.7,53,BENIGN,0.9999,0.0001,INFO,No action,BENIGN
2026-03-23 21:12:19,192.168.1.123,10.0.0.73,53,BENIGN,0.9999,0.0001,INFO,No action,BENIGN
2026-03-23 21:12:20,192.168.1.99,10.0.0.107,57262,BENIGN,0.9999,0.0001,INFO,No action,BENIGN
2026-03-23 21:12:21,192.168.1.226,10.0.0.126,80,BENIGN,1.0,0.0,INFO,No action,BENIGN
2026-03-23 21:12:22,192.168.1.156,10.0.0.247,80,BENIGN,0.9999,0.0001,INFO,No action,DDoS
2026-03-23 21:12:23,192.168.1.202,10.0.0.239,80,BENIGN,0.9999,0.0001,INFO,No action,DDoS
2026-03-23 21:12:24,192.168.1.58,10.0.0.25,80,BENIGN,0.9999,0.0001,INFO,No action,DDoS
2026-03-23 21:12:25,192.168.1.247,10.0.0.71,62089,BENIGN,0.9999,0.0001,INFO,No action,BENIGN
2026-03-23 21:12:26,192.168.1.2,10.0.0.211,53,BENIGN,0.9999,0.0001,INFO,No action,BENIGN
2026-03-23 21:12:27,192.168.1.187,10.0.0.21,80,BENIGN,0.9999,0.0001,INFO,No action,DDoS
2026-03-23 21:12:28,192.168.1.184,10.0.0.251,80,BENIGN,0.9999,0.0001,INFO,No action,DDoS
2026-03-23 21:12:29,192.168.1.28,10.0.0.187,80,BENIGN,0.9999,0.0001,INFO,No action,DDoS
2026-03-23 21:12:30,192.168.1.90,10.0.0.19,80,BENIGN,0.9999,0.0001,INFO,No action,DDoS
2026-03-23 21:12:31,192.168.1.148,10.0.0.74,49948,BENIGN,0.9999,0.0001,INFO,No action,BENIGN
2026-03-23 21:12:32,192.168.1.135,10.0.0.137,51052,BENIGN,0.9998,0.0002,INFO,No action,BENIGN
2026-03-23 21:12:33,192.168.1.248,10.0.0.201,80,BENIGN,0.9999,0.0001,INFO,No action,DDoS
2026-03-23 21:12:34,192.168.1.197,10.0.0.172,53,BENIGN,0.9999,0.0001,INFO,No action,BENIGN
2026-03-23 21:12:35,192.168.1.248,10.0.0.175,80,BENIGN,0.9999,0.0001,INFO,No action,DDoS
2026-03-23 21:12:29,192.168.1.117,10.0.0.154,53,BENIGN,0.9999,0.0001,INFO,No action,BENIGN
2026-03-23 21:12:30,192.168.1.125,10.0.0.136,80,BENIGN,0.9999,0.0001,INFO,No action,DDoS
2026-03-23 21:12:31,192.168.1.49,10.0.0.4,53,BENIGN,0.9999,0.0001,INFO,No action,BENIGN
2026-03-23 21:12:32,192.168.1.187,10.0.0.25,53,BENIGN,0.9999,0.0001,INFO,No action,BENIGN
2026-03-23 21:12:33,192.168.1.65,10.0.0.118,57262,BENIGN,0.9999,0.0001,INFO,No action,BENIGN
2026-03-23 21:12:34,192.168.1.45,10.0.0.244,80,BENIGN,1.0,0.0,INFO,No action,BENIGN
2026-03-23 21:12:35,192.168.1.19,10.0.0.83,80,BENIGN,0.9999,0.0001,INFO,No action,DDoS
2026-03-23 21:12:36,192.168.1.94,10.0.0.242,80,BENIGN,0.9999,0.0001,INFO,No action,DDoS
2026-03-23 21:12:37,192.168.1.92,10.0.0.8,80,BENIGN,0.9999,0.0001,INFO,No action,DDoS
2026-03-23 21:12:38,192.168.1.232,10.0.0.128,62089,BENIGN,0.9999,0.0001,INFO,No action,BENIGN
2026-03-23 21:12:39,192.168.1.154,10.0.0.8,53,BENIGN,0.9999,0.0001,INFO,No action,BENIGN
2026-03-23 21:12:40,192.168.1.211,10.0.0.239,80,BENIGN,0.9999,0.0001,INFO,No action,DDoS
2026-03-23 21:12:41,192.168.1.88,10.0.0.143,80,BENIGN,0.9999,0.0001,INFO,No action,DDoS
2026-03-23 21:12:42,192.168.1.14,10.0.0.8,80,BENIGN,0.9999,0.0001,INFO,No action,DDoS
2026-03-23 21:12:43,192.168.1.139,10.0.0.160,80,BENIGN,0.9999,0.0001,INFO,No action,DDoS
2026-03-23 21:12:44,192.168.1.196,10.0.0.91,49948,BENIGN,0.9999,0.0001,INFO,No action,BENIGN
2026-03-23 21:12:45,192.168.1.118,10.0.0.72,51052,BENIGN,0.9998,0.0002,INFO,No action,BENIGN
2026-03-23 21:12:46,192.168.1.141,10.0.0.168,80,BENIGN,0.9999,0.0001,INFO,No action,DDoS
2026-03-23 21:12:47,192.168.1.118,10.0.0.33,53,BENIGN,0.9999,0.0001,INFO,No action,BENIGN
2026-03-23 21:12:48,192.168.1.160,10.0.0.69,80,BENIGN,0.9999,0.0001,INFO,No action,DDoS
2026-03-23 21:17:19,192.168.1.215,10.0.0.34,53,BENIGN,0.9999,0.0001,INFO,No action,BENIGN
2026-03-23 21:17:20,192.168.1.167,10.0.0.15,80,BENIGN,0.9999,0.0001,INFO,No action,DDoS
2026-03-23 21:17:21,192.168.1.219,10.0.0.236,53,BENIGN,0.9999,0.0001,INFO,No action,BENIGN
2026-03-23 21:17:22,192.168.1.165,10.0.0.136,53,BENIGN,0.9999,0.0001,INFO,No action,BENIGN
2026-03-23 21:17:23,192.168.1.192,10.0.0.34,57262,BENIGN,0.9999,0.0001,INFO,No action,BENIGN
2026-03-23 21:17:24,192.168.1.47,10.0.0.181,80,BENIGN,1.0,0.0,INFO,No action,BENIGN
2026-03-23 21:17:25,192.168.1.31,10.0.0.180,80,BENIGN,0.9999,0.0001,INFO,No action,DDoS
2026-03-23 21:17:26,192.168.1.92,10.0.0.138,80,BENIGN,0.9999,0.0001,INFO,No action,DDoS
2026-03-23 21:17:27,192.168.1.30,10.0.0.13,80,BENIGN,0.9999,0.0001,INFO,No action,DDoS
2026-03-23 21:17:28,192.168.1.253,10.0.0.220,62089,BENIGN,0.9999,0.0001,INFO,No action,BENIGN
2026-03-23 21:17:29,192.168.1.126,10.0.0.238,53,BENIGN,0.9999,0.0001,INFO,No action,BENIGN
2026-03-23 21:17:30,192.168.1.156,10.0.0.158,80,BENIGN,0.9999,0.0001,INFO,No action,DDoS
2026-03-23 21:17:31,192.168.1.142,10.0.0.72,80,BENIGN,0.9999,0.0001,INFO,No action,DDoS
2026-03-23 21:17:32,192.168.1.181,10.0.0.187,80,BENIGN,0.9999,0.0001,INFO,No action,DDoS
2026-03-23 21:17:33,192.168.1.174,10.0.0.240,80,BENIGN,0.9999,0.0001,INFO,No action,DDoS
2026-03-23 21:17:34,192.168.1.45,10.0.0.220,49948,BENIGN,0.9999,0.0001,INFO,No action,BENIGN
2026-03-23 21:17:35,192.168.1.68,10.0.0.226,51052,BENIGN,0.9998,0.0002,INFO,No action,BENIGN
2026-03-23 21:17:36,192.168.1.53,10.0.0.207,80,BENIGN,0.9999,0.0001,INFO,No action,DDoS
2026-03-23 21:17:37,192.168.1.252,10.0.0.155,53,BENIGN,0.9999,0.0001,INFO,No action,BENIGN
2026-03-23 21:17:38,192.168.1.207,10.0.0.62,80,BENIGN,0.9999,0.0001,INFO,No action,DDoS
2026-03-23 21:17:24,192.168.1.32,10.0.0.235,53,BENIGN,0.9999,0.0001,INFO,No action,BENIGN
2026-03-23 21:17:25,192.168.1.224,10.0.0.144,80,BENIGN,0.9999,0.0001,INFO,No action,DDoS
2026-03-23 21:17:26,192.168.1.218,10.0.0.224,53,BENIGN,0.9999,0.0001,INFO,No action,BENIGN
2026-03-23 21:17:27,192.168.1.110,10.0.0.143,53,BENIGN,0.9999,0.0001,INFO,No action,BENIGN
2026-03-23 21:17:28,192.168.1.217,10.0.0.82,57262,BENIGN,0.9999,0.0001,INFO,No action,BENIGN
2026-03-23 21:17:29,192.168.1.121,10.0.0.96,80,BENIGN,1.0,0.0,INFO,No action,BENIGN
2026-03-23 21:17:30,192.168.1.7,10.0.0.193,80,BENIGN,0.9999,0.0001,INFO,No action,DDoS
2026-03-23 21:17:31,192.168.1.106,10.0.0.209,80,BENIGN,0.9999,0.0001,INFO,No action,DDoS
2026-03-23 21:17:32,192.168.1.143,10.0.0.225,80,BENIGN,0.9999,0.0001,INFO,No action,DDoS
2026-03-23 21:17:33,192.168.1.172,10.0.0.75,62089,BENIGN,0.9999,0.0001,INFO,No action,BENIGN
2026-03-23 21:17:34,192.168.1.92,10.0.0.190,53,BENIGN,0.9999,0.0001,INFO,No action,BENIGN
2026-03-23 21:17:35,192.168.1.46,10.0.0.202,80,BENIGN,0.9999,0.0001,INFO,No action,DDoS
2026-03-23 21:17:36,192.168.1.125,10.0.0.78,80,BENIGN,0.9999,0.0001,INFO,No action,DDoS
2026-03-23 21:17:37,192.168.1.112,10.0.0.86,80,BENIGN,0.9999,0.0001,INFO,No action,DDoS
2026-03-23 21:17:38,192.168.1.59,10.0.0.30,80,BENIGN,0.9999,0.0001,INFO,No action,DDoS
2026-03-23 21:17:39,192.168.1.37,10.0.0.195,49948,BENIGN,0.9999,0.0001,INFO,No action,BENIGN
2026-03-23 21:17:40,192.168.1.169,10.0.0.203,51052,BENIGN,0.9998,0.0002,INFO,No action,BENIGN
2026-03-23 21:17:41,192.168.1.143,10.0.0.178,80,BENIGN,0.9999,0.0001,INFO,No action,DDoS
2026-03-23 21:17:42,192.168.1.245,10.0.0.60,53,BENIGN,0.9999,0.0001,INFO,No action,BENIGN
2026-03-23 21:17:43,192.168.1.59,10.0.0.213,80,BENIGN,0.9999,0.0001,INFO,No action,DDoS
2026-03-23 21:19:58,192.168.1.62,10.0.0.72,53,BENIGN,0.9999,0.0001,INFO,No action,BENIGN
2026-03-23 21:19:59,192.168.1.57,10.0.0.252,80,BENIGN,0.9999,0.0001,INFO,No action,DDoS
2026-03-23 21:20:00,192.168.1.174,10.0.0.127,53,BENIGN,0.9999,0.0001,INFO,No action,BENIGN
2026-03-23 21:20:01,192.168.1.252,10.0.0.20,53,BENIGN,0.9999,0.0001,INFO,No action,BENIGN
2026-03-23 21:20:02,192.168.1.202,10.0.0.45,57262,BENIGN,0.9999,0.0001,INFO,No action,BENIGN
2026-03-23 21:20:03,192.168.1.140,10.0.0.189,80,BENIGN,1.0,0.0,INFO,No action,BENIGN
2026-03-23 21:20:04,192.168.1.254,10.0.0.227,80,BENIGN,0.9999,0.0001,INFO,No action,DDoS
2026-03-23 21:20:05,192.168.1.88,10.0.0.174,80,BENIGN,0.9999,0.0001,INFO,No action,DDoS
2026-03-23 21:20:06,192.168.1.110,10.0.0.43,80,BENIGN,0.9999,0.0001,INFO,No action,DDoS
2026-03-23 21:20:07,192.168.1.134,10.0.0.122,62089,BENIGN,0.9999,0.0001,INFO,No action,BENIGN
2026-03-23 21:20:08,192.168.1.199,10.0.0.120,53,BENIGN,0.9999,0.0001,INFO,No action,BENIGN
2026-03-23 21:20:09,192.168.1.144,10.0.0.96,80,BENIGN,0.9999,0.0001,INFO,No action,DDoS
2026-03-23 21:20:10,192.168.1.208,10.0.0.11,80,BENIGN,0.9999,0.0001,INFO,No action,DDoS
2026-03-23 21:20:11,192.168.1.75,10.0.0.23,80,BENIGN,0.9999,0.0001,INFO,No action,DDoS
2026-03-23 21:20:12,192.168.1.163,10.0.0.192,80,BENIGN,0.9999,0.0001,INFO,No action,DDoS
2026-03-23 21:20:06,192.168.1.175,10.0.0.92,53,BENIGN,0.9999,0.0001,INFO,No action,BENIGN
2026-03-23 21:20:07,192.168.1.21,10.0.0.237,80,BENIGN,0.9999,0.0001,INFO,No action,DDoS
2026-03-23 21:20:08,192.168.1.7,10.0.0.137,53,BENIGN,0.9999,0.0001,INFO,No action,BENIGN
2026-03-23 21:20:09,192.168.1.15,10.0.0.93,53,BENIGN,0.9999,0.0001,INFO,No action,BENIGN
2026-03-23 21:20:10,192.168.1.49,10.0.0.87,57262,BENIGN,0.9999,0.0001,INFO,No action,BENIGN
2026-03-23 21:20:11,192.168.1.49,10.0.0.175,80,BENIGN,1.0,0.0,INFO,No action,BENIGN
2026-03-23 21:20:12,192.168.1.133,10.0.0.89,80,BENIGN,0.9999,0.0001,INFO,No action,DDoS
2026-03-23 21:20:13,192.168.1.246,10.0.0.172,80,BENIGN,0.9999,0.0001,INFO,No action,DDoS
2026-03-23 21:20:14,192.168.1.254,10.0.0.9,80,BENIGN,0.9999,0.0001,INFO,No action,DDoS
2026-03-23 21:20:15,192.168.1.195,10.0.0.164,62089,BENIGN,0.9999,0.0001,INFO,No action,BENIGN
2026-03-23 21:20:16,192.168.1.95,10.0.0.4,53,BENIGN,0.9999,0.0001,INFO,No action,BENIGN
2026-03-23 21:20:17,192.168.1.78,10.0.0.50,80,BENIGN,0.9999,0.0001,INFO,No action,DDoS
2026-03-23 21:20:18,192.168.1.102,10.0.0.145,80,BENIGN,0.9999,0.0001,INFO,No action,DDoS
2026-03-23 21:20:19,192.168.1.236,10.0.0.94,80,BENIGN,0.9999,0.0001,INFO,No action,DDoS
2026-03-23 21:20:20,192.168.1.54,10.0.0.243,80,BENIGN,0.9999,0.0001,INFO,No action,DDoS
2026-03-23 21:20:08,192.168.1.208,10.0.0.247,53,BENIGN,0.9999,0.0001,INFO,No action,BENIGN
2026-03-23 21:20:09,192.168.1.77,10.0.0.6,80,BENIGN,0.9999,0.0001,INFO,No action,DDoS
2026-03-23 21:20:10,192.168.1.174,10.0.0.215,53,BENIGN,0.9999,0.0001,INFO,No action,BENIGN
2026-03-23 21:20:11,192.168.1.88,10.0.0.223,53,BENIGN,0.9999,0.0001,INFO,No action,BENIGN
2026-03-23 21:20:12,192.168.1.40,10.0.0.153,80,BENIGN,0.9999,0.0001,INFO,No action,DDoS
2026-03-23 21:20:11,192.168.1.59,10.0.0.19,53,BENIGN,0.9999,0.0001,INFO,No action,BENIGN
2026-03-23 21:20:13,192.168.1.151,10.0.0.112,53,BENIGN,0.9999,0.0001,INFO,No action,BENIGN
2026-03-23 21:20:14,192.168.1.146,10.0.0.164,53,BENIGN,0.9999,0.0001,INFO,No action,BENIGN
2026-03-23 21:20:15,192.168.1.22,10.0.0.3,57262,BENIGN,0.9999,0.0001,INFO,No action,BENIGN
2026-03-23 21:20:16,192.168.1.157,10.0.0.74,80,BENIGN,1.0,0.0,INFO,No action,BENIGN
2026-03-23 21:20:15,192.168.1.223,10.0.0.18,53,BENIGN,0.9999,0.0001,INFO,No action,BENIGN
2026-03-23 21:20:16,192.168.1.240,10.0.0.189,80,BENIGN,0.9999,0.0001,INFO,No action,DDoS
2026-03-23 21:20:17,192.168.1.111,10.0.0.151,53,BENIGN,0.9999,0.0001,INFO,No action,BENIGN
2026-03-23 21:20:18,192.168.1.149,10.0.0.141,53,BENIGN,0.9999,0.0001,INFO,No action,BENIGN
2026-03-23 21:20:19,192.168.1.38,10.0.0.203,57262,BENIGN,0.9999,0.0001,INFO,No action,BENIGN
2026-03-23 21:20:20,192.168.1.96,10.0.0.56,80,BENIGN,1.0,0.0,INFO,No action,BENIGN
2026-03-23 21:20:21,192.168.1.190,10.0.0.132,80,BENIGN,0.9999,0.0001,INFO,No action,DDoS
2026-03-23 21:20:17,192.168.1.84,10.0.0.44,80,BENIGN,0.9999,0.0001,INFO,No action,DDoS
2026-03-23 21:20:22,192.168.1.204,10.0.0.31,80,BENIGN,0.9999,0.0001,INFO,No action,DDoS
2026-03-23 21:20:23,192.168.1.52,10.0.0.144,80,BENIGN,0.9999,0.0001,INFO,No action,DDoS
2026-03-23 21:20:24,192.168.1.80,10.0.0.17,62089,BENIGN,0.9999,0.0001,INFO,No action,BENIGN
2026-03-23 21:20:25,192.168.1.125,10.0.0.62,53,BENIGN,0.9999,0.0001,INFO,No action,BENIGN
2026-03-23 21:20:26,192.168.1.88,10.0.0.185,80,BENIGN,0.9999,0.0001,INFO,No action,DDoS
2026-03-23 21:20:27,192.168.1.5,10.0.0.129,80,BENIGN,0.9999,0.0001,INFO,No action,DDoS
2026-03-23 21:20:28,192.168.1.29,10.0.0.30,80,BENIGN,0.9999,0.0001,INFO,No action,DDoS
2026-03-23 21:20:29,192.168.1.112,10.0.0.206,80,BENIGN,0.9999,0.0001,INFO,No action,DDoS
2026-03-23 21:20:15,192.168.1.157,10.0.0.141,53,BENIGN,0.9999,0.0001,INFO,No action,BENIGN
2026-03-23 21:20:16,192.168.1.206,10.0.0.125,80,BENIGN,0.9999,0.0001,INFO,No action,DDoS
2026-03-23 21:20:17,192.168.1.72,10.0.0.228,53,BENIGN,0.9999,0.0001,INFO,No action,BENIGN
2026-03-23 21:20:18,192.168.1.155,10.0.0.162,53,BENIGN,0.9999,0.0001,INFO,No action,BENIGN
2026-03-23 21:20:19,192.168.1.148,10.0.0.31,57262,BENIGN,0.9999,0.0001,INFO,No action,BENIGN
2026-03-23 21:20:20,192.168.1.195,10.0.0.64,80,BENIGN,1.0,0.0,INFO,No action,BENIGN
2026-03-23 21:20:21,192.168.1.187,10.0.0.17,80,BENIGN,0.9999,0.0001,INFO,No action,DDoS
2026-03-23 21:20:22,192.168.1.104,10.0.0.160,80,BENIGN,0.9999,0.0001,INFO,No action,DDoS
2026-03-23 21:20:23,192.168.1.36,10.0.0.65,80,BENIGN,0.9999,0.0001,INFO,No action,DDoS
2026-03-23 21:20:24,192.168.1.195,10.0.0.118,62089,BENIGN,0.9999,0.0001,INFO,No action,BENIGN
2026-03-23 21:20:25,192.168.1.152,10.0.0.97,53,BENIGN,0.9999,0.0001,INFO,No action,BENIGN
2026-03-23 21:20:26,192.168.1.39,10.0.0.135,80,BENIGN,0.9999,0.0001,INFO,No action,DDoS
2026-03-23 21:20:27,192.168.1.149,10.0.0.25,80,BENIGN,0.9999,0.0001,INFO,No action,DDoS
2026-03-23 21:20:28,192.168.1.12,10.0.0.137,80,BENIGN,0.9999,0.0001,INFO,No action,DDoS
2026-03-23 21:20:29,192.168.1.195,10.0.0.108,80,BENIGN,0.9999,0.0001,INFO,No action,DDoS
2026-03-23 21:21:11,192.168.1.217,10.0.0.80,53,BENIGN,0.9999,0.0001,INFO,No action,BENIGN
2026-03-23 21:21:12,192.168.1.14,10.0.0.173,80,BENIGN,0.9999,0.0001,INFO,No action,DDoS
2026-03-23 21:21:13,192.168.1.7,10.0.0.160,53,BENIGN,0.9999,0.0001,INFO,No action,BENIGN
2026-03-23 21:21:14,192.168.1.191,10.0.0.164,53,BENIGN,0.9999,0.0001,INFO,No action,BENIGN
2026-03-23 21:21:15,192.168.1.244,10.0.0.66,57262,BENIGN,0.9999,0.0001,INFO,No action,BENIGN
2026-03-23 21:21:16,192.168.1.172,10.0.0.189,80,BENIGN,1.0,0.0,INFO,No action,BENIGN
2026-03-23 21:21:17,192.168.1.86,10.0.0.49,80,BENIGN,0.9999,0.0001,INFO,No action,DDoS
2026-03-23 21:21:18,192.168.1.36,10.0.0.87,80,BENIGN,0.9999,0.0001,INFO,No action,DDoS
2026-03-23 21:21:19,192.168.1.219,10.0.0.200,80,BENIGN,0.9999,0.0001,INFO,No action,DDoS
2026-03-23 21:21:20,192.168.1.226,10.0.0.152,62089,BENIGN,0.9999,0.0001,INFO,No action,BENIGN
2026-03-23 21:21:21,192.168.1.234,10.0.0.28,53,BENIGN,0.9999,0.0001,INFO,No action,BENIGN
2026-03-23 21:21:22,192.168.1.209,10.0.0.232,80,BENIGN,0.9999,0.0001,INFO,No action,DDoS
2026-03-23 21:21:23,192.168.1.20,10.0.0.95,80,BENIGN,0.9999,0.0001,INFO,No action,DDoS
2026-03-23 21:21:24,192.168.1.98,10.0.0.239,80,BENIGN,0.9999,0.0001,INFO,No action,DDoS
2026-03-23 21:21:25,192.168.1.23,10.0.0.240,80,BENIGN,0.9999,0.0001,INFO,No action,DDoS
2026-03-23 21:31:59,192.168.1.20,10.0.0.36,53,BENIGN,0.9999,0.0001,INFO,No action,BENIGN
2026-03-23 21:32:00,192.168.1.30,10.0.0.6,80,BENIGN,0.9999,0.0001,INFO,No action,DDoS
2026-03-23 21:32:01,192.168.1.82,10.0.0.78,53,BENIGN,0.9999,0.0001,INFO,No action,BENIGN
2026-03-23 21:32:02,192.168.1.136,10.0.0.81,53,BENIGN,0.9999,0.0001,INFO,No action,BENIGN
2026-03-23 21:32:03,192.168.1.103,10.0.0.224,57262,BENIGN,0.9999,0.0001,INFO,No action,BENIGN
2026-03-23 21:32:04,192.168.1.58,10.0.0.175,80,BENIGN,1.0,0.0,INFO,No action,BENIGN
2026-03-23 21:32:05,192.168.1.106,10.0.0.59,80,BENIGN,0.9999,0.0001,INFO,No action,DDoS
2026-03-23 21:32:06,192.168.1.41,10.0.0.26,80,BENIGN,0.9999,0.0001,INFO,No action,DDoS
2026-03-23 21:32:07,192.168.1.152,10.0.0.14,80,BENIGN,0.9999,0.0001,INFO,No action,DDoS
2026-03-23 21:32:08,192.168.1.174,10.0.0.196,62089,BENIGN,0.9999,0.0001,INFO,No action,BENIGN
2026-03-23 21:32:09,192.168.1.146,10.0.0.40,53,BENIGN,0.9999,0.0001,INFO,No action,BENIGN
2026-03-23 21:32:10,192.168.1.232,10.0.0.84,80,BENIGN,0.9999,0.0001,INFO,No action,DDoS
2026-03-23 21:32:11,192.168.1.105,10.0.0.232,80,BENIGN,0.9999,0.0001,INFO,No action,DDoS
2026-03-23 21:32:12,192.168.1.61,10.0.0.164,80,BENIGN,0.9999,0.0001,INFO,No action,DDoS
2026-03-23 21:32:13,192.168.1.17,10.0.0.178,80,BENIGN,0.9999,0.0001,INFO,No action,DDoS
2026-03-23 21:33:31,192.168.1.150,10.0.0.118,53,BENIGN,0.9999,0.0001,INFO,No action,BENIGN
2026-03-23 21:33:32,192.168.1.4,10.0.0.234,80,BENIGN,0.9999,0.0001,INFO,No action,DDoS
2026-03-23 21:33:33,192.168.1.103,10.0.0.32,53,BENIGN,0.9999,0.0001,INFO,No action,BENIGN
2026-03-23 21:33:34,192.168.1.11,10.0.0.145,53,BENIGN,0.9999,0.0001,INFO,No action,BENIGN
2026-03-23 21:33:35,192.168.1.202,10.0.0.94,57262,BENIGN,0.9999,0.0001,INFO,No action,BENIGN
2026-03-23 21:33:36,192.168.1.123,10.0.0.230,80,BENIGN,1.0,0.0,INFO,No action,BENIGN
2026-03-23 21:33:37,192.168.1.136,10.0.0.225,80,BENIGN,0.9999,0.0001,INFO,No action,DDoS
2026-03-23 21:33:38,192.168.1.65,10.0.0.201,80,BENIGN,0.9999,0.0001,INFO,No action,DDoS
2026-03-23 21:33:39,192.168.1.173,10.0.0.141,80,BENIGN,0.9999,0.0001,INFO,No action,DDoS
2026-03-23 21:33:40,192.168.1.86,10.0.0.128,62089,BENIGN,0.9999,0.0001,INFO,No action,BENIGN
2026-03-23 21:33:41,192.168.1.67,10.0.0.236,53,BENIGN,0.9999,0.0001,INFO,No action,BENIGN
2026-03-23 21:33:42,192.168.1.14,10.0.0.185,80,BENIGN,0.9999,0.0001,INFO,No action,DDoS
2026-03-23 21:33:43,192.168.1.207,10.0.0.238,80,BENIGN,0.9999,0.0001,INFO,No action,DDoS
2026-03-23 21:33:44,192.168.1.61,10.0.0.174,80,BENIGN,0.9999,0.0001,INFO,No action,DDoS
2026-03-23 21:33:45,192.168.1.155,10.0.0.189,80,BENIGN,0.9999,0.0001,INFO,No action,DDoS
2026-03-23 21:33:46,192.168.1.74,10.0.0.65,49948,BENIGN,0.9999,0.0001,INFO,No action,BENIGN
2026-03-23 21:33:47,192.168.1.187,10.0.0.92,51052,BENIGN,0.9998,0.0002,INFO,No action,BENIGN
2026-03-23 21:33:48,192.168.1.38,10.0.0.90,80,BENIGN,0.9999,0.0001,INFO,No action,DDoS
2026-03-23 21:33:49,192.168.1.247,10.0.0.107,53,BENIGN,0.9999,0.0001,INFO,No action,BENIGN
2026-03-23 21:33:50,192.168.1.214,10.0.0.220,80,BENIGN,0.9999,0.0001,INFO,No action,DDoS
2026-03-23 21:33:51,192.168.1.140,10.0.0.53,49953,BENIGN,0.9999,0.0001,INFO,No action,BENIGN
2026-03-23 21:33:52,192.168.1.84,10.0.0.209,80,BENIGN,0.9999,0.0001,INFO,No action,DDoS
2026-03-23 21:33:53,192.168.1.7,10.0.0.54,80,BENIGN,0.9999,0.0001,INFO,No action,DDoS
2026-03-23 21:33:54,192.168.1.129,10.0.0.16,80,BENIGN,0.9999,0.0001,INFO,No action,DDoS
2026-03-23 21:33:55,192.168.1.174,10.0.0.144,80,BENIGN,0.9999,0.0001,INFO,No action,DDoS
2026-03-23 21:33:56,192.168.1.9,10.0.0.35,53,BENIGN,0.9999,0.0001,INFO,No action,BENIGN
2026-03-23 21:33:57,192.168.1.131,10.0.0.209,80,BENIGN,0.9999,0.0001,INFO,No action,DDoS
2026-03-23 21:33:58,192.168.1.251,10.0.0.217,443,BENIGN,0.9977,0.0023,INFO,No action,BENIGN
2026-03-23 21:33:59,192.168.1.72,10.0.0.43,80,BENIGN,0.9999,0.0001,INFO,No action,DDoS
2026-03-23 21:34:00,192.168.1.95,10.0.0.19,80,BENIGN,0.9999,0.0001,INFO,No action,DDoS
2026-03-23 21:34:01,192.168.1.134,10.0.0.50,80,BENIGN,0.9999,0.0001,INFO,No action,DDoS
2026-03-23 21:34:02,192.168.1.57,10.0.0.164,80,BENIGN,0.9999,0.0001,INFO,No action,DDoS
2026-03-23 21:34:03,192.168.1.147,10.0.0.100,24392,BENIGN,0.9999,0.0001,INFO,No action,BENIGN
2026-03-23 21:34:04,192.168.1.114,10.0.0.153,53,BENIGN,0.9999,0.0001,INFO,No action,BENIGN
2026-03-23 21:34:05,192.168.1.248,10.0.0.97,58484,BENIGN,0.9985,0.0015,INFO,No action,BENIGN
2026-03-23 21:34:06,192.168.1.123,10.0.0.154,80,BENIGN,0.9999,0.0001,INFO,No action,DDoS
2026-03-23 21:34:07,192.168.1.20,10.0.0.38,80,BENIGN,0.9999,0.0001,INFO,No action,DDoS
2026-03-23 21:34:08,192.168.1.203,10.0.0.55,10170,BENIGN,0.9999,0.0001,INFO,No action,BENIGN
2026-03-23 21:34:09,192.168.1.109,10.0.0.167,80,BENIGN,0.9999,0.0001,INFO,No action,DDoS
2026-03-23 21:34:10,192.168.1.174,10.0.0.202,55144,BENIGN,0.9999,0.0001,INFO,No action,BENIGN
2026-03-23 21:34:11,192.168.1.122,10.0.0.224,80,BENIGN,0.9999,0.0001,INFO,No action,DDoS
2026-03-23 21:34:12,192.168.1.147,10.0.0.138,53,BENIGN,0.9999,0.0001,INFO,No action,BENIGN
2026-03-23 21:34:13,192.168.1.21,10.0.0.205,443,BENIGN,1.0,0.0,INFO,No action,BENIGN
2026-03-23 21:34:14,192.168.1.221,10.0.0.156,53,BENIGN,0.9999,0.0001,INFO,No action,BENIGN
2026-03-23 21:34:15,192.168.1.30,10.0.0.161,80,BENIGN,0.9999,0.0001,INFO,No action,DDoS
2026-03-23 21:34:16,192.168.1.90,10.0.0.174,443,BENIGN,0.9999,0.0001,INFO,No action,BENIGN
2026-03-23 21:34:17,192.168.1.211,10.0.0.56,80,BENIGN,0.9999,0.0001,INFO,No action,DDoS
2026-03-23 21:34:18,192.168.1.194,10.0.0.43,80,BENIGN,0.9999,0.0001,INFO,No action,BENIGN
2026-03-23 21:34:19,192.168.1.99,10.0.0.252,80,BENIGN,0.9999,0.0001,INFO,No action,DDoS
2026-03-23 21:34:20,192.168.1.79,10.0.0.96,80,BENIGN,0.9999,0.0001,INFO,No action,DDoS
2026-03-23 21:34:21,192.168.1.143,10.0.0.189,53,BENIGN,0.9999,0.0001,INFO,No action,BENIGN
2026-03-23 21:34:22,192.168.1.175,10.0.0.47,80,BENIGN,0.9999,0.0001,INFO,No action,DDoS
2026-03-23 21:34:23,192.168.1.28,10.0.0.180,15959,BENIGN,0.9999,0.0001,INFO,No action,BENIGN
2026-03-23 21:34:24,192.168.1.116,10.0.0.62,80,BENIGN,0.9999,0.0001,INFO,No action,DDoS
2026-03-23 21:34:25,192.168.1.193,10.0.0.196,53,BENIGN,0.9999,0.0001,INFO,No action,BENIGN
2026-03-23 21:34:26,192.168.1.185,10.0.0.52,80,BENIGN,0.9999,0.0001,INFO,No action,DDoS
2026-03-23 21:34:27,192.168.1.124,10.0.0.86,80,BENIGN,0.9999,0.0001,INFO,No action,DDoS
2026-03-23 21:34:28,192.168.1.189,10.0.0.112,80,BENIGN,0.9999,0.0001,INFO,No action,DDoS
2026-03-23 21:34:29,192.168.1.190,10.0.0.14,57927,BENIGN,0.9999,0.0001,INFO,No action,BENIGN
2026-03-23 21:34:30,192.168.1.89,10.0.0.228,61465,BENIGN,0.9985,0.0015,INFO,No action,BENIGN
2026-03-23 21:34:31,192.168.1.251,10.0.0.233,53,BENIGN,0.9999,0.0001,INFO,No action,BENIGN
2026-03-23 21:34:32,192.168.1.41,10.0.0.149,80,BENIGN,0.9999,0.0001,INFO,No action,DDoS
2026-03-23 21:34:33,192.168.1.37,10.0.0.106,80,BENIGN,0.9999,0.0001,INFO,No action,DDoS
2026-03-23 21:34:34,192.168.1.17,10.0.0.253,80,BENIGN,0.9999,0.0001,INFO,No action,DDoS
2026-03-23 21:34:35,192.168.1.2,10.0.0.223,53,BENIGN,0.9999,0.0001,INFO,No action,BENIGN
2026-03-24 00:04:06,192.168.1.85,10.0.0.90,53,BENIGN,0.9999,0.0001,INFO,No action,BENIGN
2026-03-24 00:04:07,192.168.1.79,10.0.0.222,80,BENIGN,0.9999,0.0001,INFO,No action,DDoS
2026-03-24 00:04:08,192.168.1.28,10.0.0.229,53,BENIGN,0.9999,0.0001,INFO,No action,BENIGN
2026-03-24 00:04:09,192.168.1.73,10.0.0.153,53,BENIGN,0.9999,0.0001,INFO,No action,BENIGN
2026-03-24 00:04:10,192.168.1.125,10.0.0.195,57262,BENIGN,0.9999,0.0001,INFO,No action,BENIGN
2026-03-24 00:04:11,192.168.1.12,10.0.0.247,80,BENIGN,1.0,0.0,INFO,No action,BENIGN
2026-03-24 00:04:12,192.168.1.183,10.0.0.110,80,BENIGN,0.9999,0.0001,INFO,No action,DDoS
2026-03-24 00:04:13,192.168.1.43,10.0.0.157,80,BENIGN,0.9999,0.0001,INFO,No action,DDoS
2026-03-24 00:04:14,192.168.1.18,10.0.0.242,80,BENIGN,0.9999,0.0001,INFO,No action,DDoS
2026-03-24 00:04:15,192.168.1.123,10.0.0.104,62089,BENIGN,0.9999,0.0001,INFO,No action,BENIGN
2026-03-24 00:08:11,192.168.1.196,10.0.0.232,53,BENIGN,0.9999,0.0001,INFO,No action,BENIGN
2026-03-24 00:08:12,192.168.1.4,10.0.0.21,80,BENIGN,0.9999,0.0001,INFO,No action,DDoS
2026-03-24 00:08:13,192.168.1.90,10.0.0.176,53,BENIGN,0.9999,0.0001,INFO,No action,BENIGN
2026-03-24 00:08:14,192.168.1.251,10.0.0.179,53,BENIGN,0.9999,0.0001,INFO,No action,BENIGN
2026-03-24 00:08:15,192.168.1.12,10.0.0.74,57262,BENIGN,0.9999,0.0001,INFO,No action,BENIGN
2026-03-24 00:08:16,192.168.1.150,10.0.0.109,80,BENIGN,1.0,0.0,INFO,No action,BENIGN
2026-03-24 00:08:17,192.168.1.219,10.0.0.61,80,BENIGN,0.9999,0.0001,INFO,No action,DDoS
2026-03-24 00:08:18,192.168.1.238,10.0.0.224,80,BENIGN,0.9999,0.0001,INFO,No action,DDoS
2026-03-24 00:08:19,192.168.1.189,10.0.0.90,80,BENIGN,0.9999,0.0001,INFO,No action,DDoS
2026-03-24 00:08:20,192.168.1.23,10.0.0.205,62089,BENIGN,0.9999,0.0001,INFO,No action,BENIGN
2026-03-24 00:08:21,192.168.1.75,10.0.0.144,53,BENIGN,0.9999,0.0001,INFO,No action,BENIGN
2026-03-24 00:08:22,192.168.1.230,10.0.0.177,80,BENIGN,0.9999,0.0001,INFO,No action,DDoS
2026-03-24 00:08:23,192.168.1.24,10.0.0.190,80,BENIGN,0.9999,0.0001,INFO,No action,DDoS
2026-03-24 00:08:24,192.168.1.162,10.0.0.232,80,BENIGN,0.9999,0.0001,INFO,No action,DDoS
2026-03-24 00:08:25,192.168.1.168,10.0.0.107,80,BENIGN,0.9999,0.0001,INFO,No action,DDoS
2026-03-24 00:08:26,192.168.1.68,10.0.0.230,49948,BENIGN,0.9999,0.0001,INFO,No action,BENIGN
2026-03-24 00:08:27,192.168.1.104,10.0.0.68,51052,BENIGN,0.9998,0.0002,INFO,No action,BENIGN
2026-03-24 00:08:28,192.168.1.107,10.0.0.15,80,BENIGN,0.9999,0.0001,INFO,No action,DDoS
2026-03-24 00:08:29,192.168.1.178,10.0.0.5,53,BENIGN,0.9999,0.0001,INFO,No action,BENIGN
2026-03-24 00:08:30,192.168.1.98,10.0.0.122,80,BENIGN,0.9999,0.0001,INFO,No action,DDoS
2026-03-24 00:10:19,192.168.1.247,10.0.0.225,53,BENIGN,0.9999,0.0001,INFO,No action,BENIGN
2026-03-24 00:10:20,192.168.1.42,10.0.0.165,80,BENIGN,0.9999,0.0001,INFO,No action,DDoS
2026-03-24 00:10:21,192.168.1.213,10.0.0.157,53,BENIGN,0.9999,0.0001,INFO,No action,BENIGN
2026-03-24 00:10:22,192.168.1.219,10.0.0.2,53,BENIGN,0.9999,0.0001,INFO,No action,BENIGN
2026-03-24 00:10:23,192.168.1.234,10.0.0.44,57262,BENIGN,0.9999,0.0001,INFO,No action,BENIGN
2026-03-24 00:10:24,192.168.1.96,10.0.0.29,80,BENIGN,1.0,0.0,INFO,No action,BENIGN
2026-03-24 00:10:25,192.168.1.73,10.0.0.142,80,BENIGN,0.9999,0.0001,INFO,No action,DDoS
2026-03-24 00:10:26,192.168.1.63,10.0.0.210,80,BENIGN,0.9999,0.0001,INFO,No action,DDoS
2026-03-24 00:10:27,192.168.1.62,10.0.0.154,80,BENIGN,0.9999,0.0001,INFO,No action,DDoS
2026-03-24 00:10:28,192.168.1.135,10.0.0.208,62089,BENIGN,0.9999,0.0001,INFO,No action,BENIGN
2026-03-24 00:10:29,192.168.1.28,10.0.0.127,53,BENIGN,0.9999,0.0001,INFO,No action,BENIGN
2026-03-24 00:10:30,192.168.1.250,10.0.0.206,80,BENIGN,0.9999,0.0001,INFO,No action,DDoS
2026-03-24 00:10:31,192.168.1.245,10.0.0.110,80,BENIGN,0.9999,0.0001,INFO,No action,DDoS
2026-03-24 00:10:32,192.168.1.52,10.0.0.191,80,BENIGN,0.9999,0.0001,INFO,No action,DDoS
2026-03-24 00:10:33,192.168.1.106,10.0.0.227,80,BENIGN,0.9999,0.0001,INFO,No action,DDoS
2026-03-24 00:10:34,192.168.1.148,10.0.0.230,49948,BENIGN,0.9999,0.0001,INFO,No action,BENIGN
2026-03-24 00:10:35,192.168.1.13,10.0.0.158,51052,BENIGN,0.9998,0.0002,INFO,No action,BENIGN
2026-03-24 00:10:36,192.168.1.120,10.0.0.211,80,BENIGN,0.9999,0.0001,INFO,No action,DDoS
2026-03-24 00:10:37,192.168.1.109,10.0.0.88,53,BENIGN,0.9999,0.0001,INFO,No action,BENIGN
2026-03-24 00:10:38,192.168.1.236,10.0.0.120,80,BENIGN,0.9999,0.0001,INFO,No action,DDoS
2026-03-28 18:31:21,192.168.1.97,10.0.0.71,53,BENIGN,0.9999,0.0001,INFO,No action,BENIGN
2026-03-28 18:31:22,192.168.1.59,10.0.0.37,80,BENIGN,0.9999,0.0001,INFO,No action,DDoS
2026-03-28 18:31:23,192.168.1.48,10.0.0.229,53,BENIGN,0.9999,0.0001,INFO,No action,BENIGN
2026-03-28 18:31:24,192.168.1.145,10.0.0.79,53,BENIGN,0.9999,0.0001,INFO,No action,BENIGN
2026-03-28 18:31:25,192.168.1.109,10.0.0.216,57262,BENIGN,0.9999,0.0001,INFO,No action,BENIGN
2026-03-28 18:31:26,192.168.1.192,10.0.0.95,80,BENIGN,1.0,0.0,INFO,No action,BENIGN
2026-03-28 18:31:27,192.168.1.5,10.0.0.220,80,BENIGN,0.9999,0.0001,INFO,No action,DDoS
2026-03-28 18:31:28,192.168.1.47,10.0.0.254,80,BENIGN,0.9999,0.0001,INFO,No action,DDoS
2026-03-28 18:31:29,192.168.1.111,10.0.0.44,80,BENIGN,0.9999,0.0001,INFO,No action,DDoS
2026-03-28 18:31:30,192.168.1.75,10.0.0.78,62089,BENIGN,0.9999,0.0001,INFO,No action,BENIGN
2026-03-28 18:31:31,192.168.1.190,10.0.0.239,53,BENIGN,0.9999,0.0001,INFO,No action,BENIGN
2026-03-28 18:31:32,192.168.1.165,10.0.0.128,80,BENIGN,0.9999,0.0001,INFO,No action,DDoS
2026-03-28 18:31:33,192.168.1.200,10.0.0.171,80,BENIGN,0.9999,0.0001,INFO,No action,DDoS
2026-03-28 18:31:34,192.168.1.12,10.0.0.165,80,BENIGN,0.9999,0.0001,INFO,No action,DDoS
2026-03-28 18:31:35,192.168.1.226,10.0.0.112,80,BENIGN,0.9999,0.0001,INFO,No action,DDoS
2026-03-28 18:31:36,192.168.1.93,10.0.0.99,49948,BENIGN,0.9999,0.0001,INFO,No action,BENIGN
2026-03-28 18:31:37,192.168.1.189,10.0.0.49,51052,BENIGN,0.9998,0.0002,INFO,No action,BENIGN
2026-03-28 18:31:38,192.168.1.235,10.0.0.137,80,BENIGN,0.9999,0.0001,INFO,No action,DDoS
2026-03-28 18:31:39,192.168.1.212,10.0.0.159,53,BENIGN,0.9999,0.0001,INFO,No action,BENIGN
2026-03-28 18:31:40,192.168.1.10,10.0.0.121,80,BENIGN,0.9999,0.0001,INFO,No action,DDoS
2026-03-28 18:31:41,192.168.1.69,10.0.0.156,49953,BENIGN,0.9999,0.0001,INFO,No action,BENIGN
2026-03-28 18:31:42,192.168.1.200,10.0.0.20,80,BENIGN,0.9999,0.0001,INFO,No action,DDoS
2026-03-28 18:31:43,192.168.1.51,10.0.0.213,80,BENIGN,0.9999,0.0001,INFO,No action,DDoS
2026-03-28 18:31:44,192.168.1.18,10.0.0.142,80,BENIGN,0.9999,0.0001,INFO,No action,DDoS
2026-03-28 18:31:45,192.168.1.202,10.0.0.123,80,BENIGN,0.9999,0.0001,INFO,No action,DDoS
2026-03-28 18:31:46,192.168.1.91,10.0.0.146,53,BENIGN,0.9999,0.0001,INFO,No action,BENIGN
2026-03-28 18:31:47,192.168.1.57,10.0.0.38,80,BENIGN,0.9999,0.0001,INFO,No action,DDoS
2026-03-28 18:31:48,192.168.1.114,10.0.0.152,443,BENIGN,0.9977,0.0023,INFO,No action,BENIGN
2026-03-28 18:31:49,192.168.1.41,10.0.0.207,80,BENIGN,0.9999,0.0001,INFO,No action,DDoS
2026-03-28 18:31:50,192.168.1.94,10.0.0.94,80,BENIGN,0.9999,0.0001,INFO,No action,DDoS
2026-03-28 18:31:51,192.168.1.202,10.0.0.53,80,BENIGN,0.9999,0.0001,INFO,No action,DDoS
2026-03-28 18:31:52,192.168.1.244,10.0.0.64,80,BENIGN,0.9999,0.0001,INFO,No action,DDoS
2026-03-28 18:31:53,192.168.1.100,10.0.0.233,24392,BENIGN,0.9999,0.0001,INFO,No action,BENIGN
2026-03-28 18:31:54,192.168.1.163,10.0.0.49,53,BENIGN,0.9999,0.0001,INFO,No action,BENIGN
2026-03-28 18:31:55,192.168.1.249,10.0.0.171,58484,BENIGN,0.9985,0.0015,INFO,No action,BENIGN
2026-03-28 18:31:56,192.168.1.23,10.0.0.154,80,BENIGN,0.9999,0.0001,INFO,No action,DDoS
2026-03-28 18:31:57,192.168.1.190,10.0.0.180,80,BENIGN,0.9999,0.0001,INFO,No action,DDoS
2026-03-28 18:31:58,192.168.1.8,10.0.0.235,10170,BENIGN,0.9999,0.0001,INFO,No action,BENIGN
2026-03-28 18:31:59,192.168.1.179,10.0.0.184,80,BENIGN,0.9999,0.0001,INFO,No action,DDoS
2026-03-28 18:32:00,192.168.1.176,10.0.0.186,55144,BENIGN,0.9999,0.0001,INFO,No action,BENIGN
2026-03-28 18:32:01,192.168.1.237,10.0.0.198,80,BENIGN,0.9999,0.0001,INFO,No action,DDoS
2026-03-28 18:32:02,192.168.1.82,10.0.0.102,53,BENIGN,0.9999,0.0001,INFO,No action,BENIGN
2026-03-28 18:32:03,192.168.1.161,10.0.0.230,443,BENIGN,1.0,0.0,INFO,No action,BENIGN
2026-03-28 18:32:04,192.168.1.202,10.0.0.106,53,BENIGN,0.9999,0.0001,INFO,No action,BENIGN
2026-03-28 18:32:05,192.168.1.175,10.0.0.158,80,BENIGN,0.9999,0.0001,INFO,No action,DDoS
2026-03-28 18:32:06,192.168.1.238,10.0.0.184,443,BENIGN,0.9999,0.0001,INFO,No action,BENIGN
2026-03-28 18:32:07,192.168.1.253,10.0.0.212,80,BENIGN,0.9999,0.0001,INFO,No action,DDoS
2026-03-28 18:32:08,192.168.1.25,10.0.0.80,80,BENIGN,0.9999,0.0001,INFO,No action,BENIGN
2026-03-28 18:32:09,192.168.1.103,10.0.0.48,80,BENIGN,0.9999,0.0001,INFO,No action,DDoS
2026-03-28 18:32:10,192.168.1.111,10.0.0.148,80,BENIGN,0.9999,0.0001,INFO,No action,DDoS
2026-03-28 18:32:11,192.168.1.4,10.0.0.218,53,BENIGN,0.9999,0.0001,INFO,No action,BENIGN
2026-03-28 18:32:12,192.168.1.9,10.0.0.16,80,BENIGN,0.9999,0.0001,INFO,No action,DDoS
2026-03-28 18:32:13,192.168.1.55,10.0.0.22,15959,BENIGN,0.9999,0.0001,INFO,No action,BENIGN
2026-03-28 18:32:14,192.168.1.29,10.0.0.221,80,BENIGN,0.9999,0.0001,INFO,No action,DDoS
2026-03-28 18:32:15,192.168.1.218,10.0.0.148,53,BENIGN,0.9999,0.0001,INFO,No action,BENIGN
2026-03-28 18:32:16,192.168.1.80,10.0.0.18,80,BENIGN,0.9999,0.0001,INFO,No action,DDoS
2026-03-28 18:32:17,192.168.1.65,10.0.0.6,80,BENIGN,0.9999,0.0001,INFO,No action,DDoS
2026-03-28 18:32:18,192.168.1.66,10.0.0.32,80,BENIGN,0.9999,0.0001,INFO,No action,DDoS
2026-03-28 18:32:19,192.168.1.233,10.0.0.102,57927,BENIGN,0.9999,0.0001,INFO,No action,BENIGN
2026-03-28 18:32:20,192.168.1.50,10.0.0.25,61465,BENIGN,0.9985,0.0015,INFO,No action,BENIGN
2026-03-28 18:32:21,192.168.1.44,10.0.0.252,53,BENIGN,0.9999,0.0001,INFO,No action,BENIGN
2026-03-28 18:32:22,192.168.1.104,10.0.0.12,80,BENIGN,0.9999,0.0001,INFO,No action,DDoS
2026-03-28 18:32:23,192.168.1.41,10.0.0.201,80,BENIGN,0.9999,0.0001,INFO,No action,DDoS
2026-03-28 18:32:24,192.168.1.121,10.0.0.75,80,BENIGN,0.9999,0.0001,INFO,No action,DDoS
2026-03-28 18:32:25,192.168.1.42,10.0.0.53,53,BENIGN,0.9999,0.0001,INFO,No action,BENIGN
2026-03-28 23:48:38,192.168.1.93,10.0.0.162,53,BENIGN,0.9999,0.0001,INFO,No action,BENIGN
2026-03-28 23:48:39,192.168.1.113,10.0.0.31,80,BENIGN,0.9999,0.0001,INFO,No action,DDoS
2026-03-28 23:48:40,192.168.1.100,10.0.0.222,53,BENIGN,0.9999,0.0001,INFO,No action,BENIGN
2026-03-28 23:48:41,192.168.1.155,10.0.0.175,53,BENIGN,0.9999,0.0001,INFO,No action,BENIGN
2026-03-28 23:48:40,192.168.1.114,10.0.0.228,53,BENIGN,0.9999,0.0001,INFO,No action,BENIGN
2026-03-28 23:48:42,192.168.1.112,10.0.0.227,57262,BENIGN,0.9999,0.0001,INFO,No action,BENIGN
2026-03-28 23:48:41,192.168.1.45,10.0.0.151,80,BENIGN,0.9999,0.0001,INFO,No action,DDoS
2026-03-28 23:48:42,192.168.1.55,10.0.0.246,53,BENIGN,0.9999,0.0001,INFO,No action,BENIGN
2026-03-28 23:48:43,192.168.1.121,10.0.0.119,53,BENIGN,0.9999,0.0001,INFO,No action,BENIGN
2026-03-28 23:48:44,192.168.1.108,10.0.0.151,57262,BENIGN,0.9999,0.0001,INFO,No action,BENIGN
2026-03-28 23:48:45,192.168.1.176,10.0.0.49,80,BENIGN,1.0,0.0,INFO,No action,BENIGN
2026-03-28 23:48:46,192.168.1.37,10.0.0.251,80,BENIGN,0.9999,0.0001,INFO,No action,DDoS
2026-03-28 23:48:47,192.168.1.234,10.0.0.123,80,BENIGN,0.9999,0.0001,INFO,No action,DDoS
2026-03-28 23:48:48,192.168.1.232,10.0.0.100,80,BENIGN,0.9999,0.0001,INFO,No action,DDoS
2026-03-28 23:48:49,192.168.1.18,10.0.0.253,62089,BENIGN,0.9999,0.0001,INFO,No action,BENIGN
2026-03-28 23:48:50,192.168.1.22,10.0.0.190,53,BENIGN,0.9999,0.0001,INFO,No action,BENIGN
2026-03-28 23:48:51,192.168.1.214,10.0.0.3,80,BENIGN,0.9999,0.0001,INFO,No action,DDoS
2026-03-28 23:48:52,192.168.1.118,10.0.0.155,80,BENIGN,0.9999,0.0001,INFO,No action,DDoS
2026-03-28 23:48:53,192.168.1.247,10.0.0.162,80,BENIGN,0.9999,0.0001,INFO,No action,DDoS
2026-03-28 23:48:54,192.168.1.130,10.0.0.190,80,BENIGN,0.9999,0.0001,INFO,No action,DDoS
2026-03-28 23:48:55,192.168.1.153,10.0.0.55,49948,BENIGN,0.9999,0.0001,INFO,No action,BENIGN
2026-03-28 23:48:56,192.168.1.169,10.0.0.170,51052,BENIGN,0.9998,0.0002,INFO,No action,BENIGN
2026-03-28 23:48:57,192.168.1.94,10.0.0.131,80,BENIGN,0.9999,0.0001,INFO,No action,DDoS
2026-03-28 23:48:58,192.168.1.35,10.0.0.41,53,BENIGN,0.9999,0.0001,INFO,No action,BENIGN
2026-03-28 23:48:59,192.168.1.157,10.0.0.95,80,BENIGN,0.9999,0.0001,INFO,No action,DDoS
2026-03-28 23:48:40,192.168.1.134,10.0.0.90,53,BENIGN,0.9999,0.0001,INFO,No action,BENIGN
2026-03-28 23:48:41,192.168.1.201,10.0.0.254,80,BENIGN,0.9999,0.0001,INFO,No action,DDoS
2026-03-28 23:48:42,192.168.1.119,10.0.0.212,53,BENIGN,0.9999,0.0001,INFO,No action,BENIGN
2026-03-28 23:48:43,192.168.1.54,10.0.0.53,53,BENIGN,0.9999,0.0001,INFO,No action,BENIGN
2026-03-28 23:48:44,192.168.1.96,10.0.0.105,57262,BENIGN,0.9999,0.0001,INFO,No action,BENIGN
2026-03-28 23:48:45,192.168.1.11,10.0.0.11,80,BENIGN,1.0,0.0,INFO,No action,BENIGN
2026-03-28 23:48:46,192.168.1.110,10.0.0.191,80,BENIGN,0.9999,0.0001,INFO,No action,DDoS
2026-03-28 23:48:47,192.168.1.46,10.0.0.136,80,BENIGN,0.9999,0.0001,INFO,No action,DDoS
2026-03-28 23:48:48,192.168.1.16,10.0.0.2,80,BENIGN,0.9999,0.0001,INFO,No action,DDoS
2026-03-28 23:48:49,192.168.1.237,10.0.0.179,62089,BENIGN,0.9999,0.0001,INFO,No action,BENIGN
2026-03-28 23:48:50,192.168.1.81,10.0.0.169,53,BENIGN,0.9999,0.0001,INFO,No action,BENIGN
2026-03-28 23:48:51,192.168.1.153,10.0.0.23,80,BENIGN,0.9999,0.0001,INFO,No action,DDoS
2026-03-28 23:48:52,192.168.1.70,10.0.0.224,80,BENIGN,0.9999,0.0001,INFO,No action,DDoS
2026-03-28 23:48:53,192.168.1.158,10.0.0.207,80,BENIGN,0.9999,0.0001,INFO,No action,DDoS
2026-03-28 23:48:54,192.168.1.137,10.0.0.140,80,BENIGN,0.9999,0.0001,INFO,No action,DDoS
2026-03-28 23:48:55,192.168.1.162,10.0.0.144,49948,BENIGN,0.9999,0.0001,INFO,No action,BENIGN
2026-03-28 23:48:56,192.168.1.68,10.0.0.35,51052,BENIGN,0.9998,0.0002,INFO,No action,BENIGN
2026-03-28 23:48:57,192.168.1.12,10.0.0.114,80,BENIGN,0.9999,0.0001,INFO,No action,DDoS
2026-03-28 23:48:58,192.168.1.160,10.0.0.173,53,BENIGN,0.9999,0.0001,INFO,No action,BENIGN
2026-03-28 23:48:59,192.168.1.98,10.0.0.70,80,BENIGN,0.9999,0.0001,INFO,No action,DDoS
2026-03-28 23:59:49,192.168.1.240,10.0.0.227,53,BENIGN,0.9999,0.0001,INFO,No action,BENIGN
2026-03-28 23:59:50,192.168.1.212,10.0.0.11,80,BENIGN,0.9999,0.0001,INFO,No action,DDoS
2026-03-28 23:59:51,192.168.1.28,10.0.0.172,53,BENIGN,0.9999,0.0001,INFO,No action,BENIGN
2026-03-28 23:59:52,192.168.1.186,10.0.0.65,53,BENIGN,0.9999,0.0001,INFO,No action,BENIGN
2026-03-28 23:59:53,192.168.1.234,10.0.0.173,57262,BENIGN,0.9999,0.0001,INFO,No action,BENIGN
2026-03-28 23:59:54,192.168.1.121,10.0.0.69,80,BENIGN,1.0,0.0,INFO,No action,BENIGN
2026-03-28 23:59:55,192.168.1.3,10.0.0.226,80,BENIGN,0.9999,0.0001,INFO,No action,DDoS
2026-03-28 23:59:56,192.168.1.171,10.0.0.58,80,BENIGN,0.9999,0.0001,INFO,No action,DDoS
2026-03-28 23:59:57,192.168.1.204,10.0.0.103,80,BENIGN,0.9999,0.0001,INFO,No action,DDoS
2026-03-28 23:59:58,192.168.1.103,10.0.0.105,62089,BENIGN,0.9999,0.0001,INFO,No action,BENIGN
2026-03-28 23:59:59,192.168.1.116,10.0.0.177,53,BENIGN,0.9999,0.0001,INFO,No action,BENIGN
2026-03-29 00:00:00,192.168.1.107,10.0.0.201,80,BENIGN,0.9999,0.0001,INFO,No action,DDoS
2026-03-29 00:00:01,192.168.1.149,10.0.0.197,80,BENIGN,0.9999,0.0001,INFO,No action,DDoS
2026-03-29 00:00:02,192.168.1.24,10.0.0.137,80,BENIGN,0.9999,0.0001,INFO,No action,DDoS
2026-03-29 00:00:03,192.168.1.70,10.0.0.149,80,BENIGN,0.9999,0.0001,INFO,No action,DDoS
2026-03-29 00:00:04,192.168.1.39,10.0.0.131,49948,BENIGN,0.9999,0.0001,INFO,No action,BENIGN
2026-03-29 00:00:05,192.168.1.170,10.0.0.236,51052,BENIGN,0.9998,0.0002,INFO,No action,BENIGN
2026-03-29 00:00:06,192.168.1.4,10.0.0.35,80,BENIGN,0.9999,0.0001,INFO,No action,DDoS
2026-03-29 00:00:07,192.168.1.80,10.0.0.212,53,BENIGN,0.9999,0.0001,INFO,No action,BENIGN
2026-03-29 00:00:08,192.168.1.193,10.0.0.225,80,BENIGN,0.9999,0.0001,INFO,No action,DDoS
2026-03-28 23:59:53,192.168.1.56,10.0.0.231,53,BENIGN,0.9999,0.0001,INFO,No action,BENIGN
2026-03-28 23:59:54,192.168.1.46,10.0.0.228,80,BENIGN,0.9999,0.0001,INFO,No action,DDoS
2026-03-28 23:59:55,192.168.1.155,10.0.0.78,53,BENIGN,0.9999,0.0001,INFO,No action,BENIGN
2026-03-28 23:59:56,192.168.1.222,10.0.0.167,53,BENIGN,0.9999,0.0001,INFO,No action,BENIGN
2026-03-28 23:59:57,192.168.1.182,10.0.0.107,57262,BENIGN,0.9999,0.0001,INFO,No action,BENIGN
2026-03-28 23:59:58,192.168.1.70,10.0.0.183,80,BENIGN,1.0,0.0,INFO,No action,BENIGN
2026-03-28 23:59:59,192.168.1.34,10.0.0.48,80,BENIGN,0.9999,0.0001,INFO,No action,DDoS
2026-03-29 00:00:00,192.168.1.164,10.0.0.150,80,BENIGN,0.9999,0.0001,INFO,No action,DDoS
2026-03-29 00:00:01,192.168.1.196,10.0.0.67,80,BENIGN,0.9999,0.0001,INFO,No action,DDoS
2026-03-29 00:00:02,192.168.1.80,10.0.0.143,62089,BENIGN,0.9999,0.0001,INFO,No action,BENIGN
2026-03-29 00:00:03,192.168.1.183,10.0.0.61,53,BENIGN,0.9999,0.0001,INFO,No action,BENIGN
2026-03-29 00:00:04,192.168.1.54,10.0.0.168,80,BENIGN,0.9999,0.0001,INFO,No action,DDoS
2026-03-29 00:00:05,192.168.1.173,10.0.0.73,80,BENIGN,0.9999,0.0001,INFO,No action,DDoS
2026-03-29 00:00:06,192.168.1.52,10.0.0.229,80,BENIGN,0.9999,0.0001,INFO,No action,DDoS
2026-03-29 00:00:07,192.168.1.220,10.0.0.75,80,BENIGN,0.9999,0.0001,INFO,No action,DDoS
2026-03-29 00:00:08,192.168.1.33,10.0.0.10,49948,BENIGN,0.9999,0.0001,INFO,No action,BENIGN
2026-03-29 00:00:09,192.168.1.94,10.0.0.225,51052,BENIGN,0.9998,0.0002,INFO,No action,BENIGN
2026-03-29 00:00:10,192.168.1.223,10.0.0.46,80,BENIGN,0.9999,0.0001,INFO,No action,DDoS
2026-03-29 00:00:11,192.168.1.243,10.0.0.152,53,BENIGN,0.9999,0.0001,INFO,No action,BENIGN
2026-03-29 00:00:12,192.168.1.163,10.0.0.91,80,BENIGN,0.9999,0.0001,INFO,No action,DDoS
2026-03-29 11:55:53,192.168.1.151,10.0.0.97,53,BENIGN,0.9999,0.0001,INFO,No action,BENIGN
2026-03-29 11:55:54,192.168.1.210,10.0.0.95,80,BENIGN,0.9999,0.0001,INFO,No action,DDoS
2026-03-29 11:55:55,192.168.1.23,10.0.0.37,53,BENIGN,0.9999,0.0001,INFO,No action,BENIGN
2026-03-29 11:55:56,192.168.1.204,10.0.0.84,53,BENIGN,0.9999,0.0001,INFO,No action,BENIGN
2026-03-29 11:55:57,192.168.1.10,10.0.0.44,57262,BENIGN,0.9999,0.0001,INFO,No action,BENIGN
2026-03-29 11:55:58,192.168.1.135,10.0.0.149,80,BENIGN,1.0,0.0,INFO,No action,BENIGN
2026-03-29 11:55:59,192.168.1.248,10.0.0.117,80,BENIGN,0.9999,0.0001,INFO,No action,DDoS
2026-03-29 11:56:00,192.168.1.206,10.0.0.198,80,BENIGN,0.9999,0.0001,INFO,No action,DDoS
2026-03-29 11:56:01,192.168.1.155,10.0.0.47,80,BENIGN,0.9999,0.0001,INFO,No action,DDoS
2026-03-29 11:56:02,192.168.1.163,10.0.0.186,62089,BENIGN,0.9999,0.0001,INFO,No action,BENIGN
2026-03-29 11:56:03,192.168.1.103,10.0.0.161,53,BENIGN,0.9999,0.0001,INFO,No action,BENIGN
2026-03-29 11:56:04,192.168.1.32,10.0.0.6,80,BENIGN,0.9999,0.0001,INFO,No action,DDoS
2026-03-29 11:56:05,192.168.1.229,10.0.0.100,80,BENIGN,0.9999,0.0001,INFO,No action,DDoS
2026-03-29 11:56:06,192.168.1.37,10.0.0.213,80,BENIGN,0.9999,0.0001,INFO,No action,DDoS
2026-03-29 11:56:07,192.168.1.12,10.0.0.218,80,BENIGN,0.9999,0.0001,INFO,No action,DDoS
2026-03-29 11:56:08,192.168.1.142,10.0.0.89,49948,BENIGN,0.9999,0.0001,INFO,No action,BENIGN
2026-03-29 11:56:09,192.168.1.253,10.0.0.65,51052,BENIGN,0.9998,0.0002,INFO,No action,BENIGN
2026-03-29 11:56:10,192.168.1.105,10.0.0.64,80,BENIGN,0.9999,0.0001,INFO,No action,DDoS
2026-03-29 11:56:11,192.168.1.64,10.0.0.36,53,BENIGN,0.9999,0.0001,INFO,No action,BENIGN
2026-03-29 11:56:12,192.168.1.230,10.0.0.25,80,BENIGN,0.9999,0.0001,INFO,No action,DDoS
2026-03-29 14:47:56,192.168.1.249,10.0.0.129,53,BENIGN,0.9999,0.0001,INFO,No action,BENIGN
2026-03-29 14:47:57,192.168.1.184,10.0.0.79,80,BENIGN,0.9999,0.0001,INFO,No action,DDoS
2026-03-29 14:47:58,192.168.1.41,10.0.0.119,53,BENIGN,0.9999,0.0001,INFO,No action,BENIGN
2026-03-29 14:47:59,192.168.1.6,10.0.0.144,53,BENIGN,0.9999,0.0001,INFO,No action,BENIGN
2026-03-29 14:48:00,192.168.1.213,10.0.0.88,57262,BENIGN,0.9999,0.0001,INFO,No action,BENIGN
2026-03-29 14:48:01,192.168.1.95,10.0.0.146,80,BENIGN,1.0,0.0,INFO,No action,BENIGN
2026-03-29 14:48:02,192.168.1.236,10.0.0.198,80,BENIGN,0.9999,0.0001,INFO,No action,DDoS
2026-03-29 14:48:03,192.168.1.232,10.0.0.230,80,BENIGN,0.9999,0.0001,INFO,No action,DDoS
2026-03-29 14:48:04,192.168.1.142,10.0.0.91,80,BENIGN,0.9999,0.0001,INFO,No action,DDoS
2026-03-29 14:48:05,192.168.1.141,10.0.0.75,62089,BENIGN,0.9999,0.0001,INFO,No action,BENIGN
2026-03-29 14:48:06,192.168.1.130,10.0.0.64,53,BENIGN,0.9999,0.0001,INFO,No action,BENIGN
2026-03-29 14:48:07,192.168.1.251,10.0.0.204,80,BENIGN,0.9999,0.0001,INFO,No action,DDoS
2026-03-29 14:48:08,192.168.1.226,10.0.0.144,80,BENIGN,0.9999,0.0001,INFO,No action,DDoS
2026-03-29 14:48:09,192.168.1.235,10.0.0.130,80,BENIGN,0.9999,0.0001,INFO,No action,DDoS
2026-03-29 14:48:10,192.168.1.17,10.0.0.85,80,BENIGN,0.9999,0.0001,INFO,No action,DDoS
2026-03-29 14:48:11,192.168.1.125,10.0.0.232,49948,BENIGN,0.9999,0.0001,INFO,No action,BENIGN
2026-03-29 14:48:12,192.168.1.49,10.0.0.10,51052,BENIGN,0.9998,0.0002,INFO,No action,BENIGN
2026-03-29 14:48:13,192.168.1.201,10.0.0.201,80,BENIGN,0.9999,0.0001,INFO,No action,DDoS
2026-03-29 14:48:14,192.168.1.62,10.0.0.70,53,BENIGN,0.9999,0.0001,INFO,No action,BENIGN
2026-03-29 14:48:15,192.168.1.121,10.0.0.67,80,BENIGN,0.9999,0.0001,INFO,No action,DDoS
2026-03-29 14:47:59,192.168.1.170,10.0.0.103,53,BENIGN,0.9999,0.0001,INFO,No action,BENIGN
2026-03-29 14:48:00,192.168.1.34,10.0.0.46,80,BENIGN,0.9999,0.0001,INFO,No action,DDoS
2026-03-29 14:48:01,192.168.1.201,10.0.0.253,53,BENIGN,0.9999,0.0001,INFO,No action,BENIGN
2026-03-29 14:48:02,192.168.1.8,10.0.0.46,53,BENIGN,0.9999,0.0001,INFO,No action,BENIGN
2026-03-29 14:48:03,192.168.1.129,10.0.0.168,57262,BENIGN,0.9999,0.0001,INFO,No action,BENIGN
2026-03-29 14:48:04,192.168.1.171,10.0.0.55,80,BENIGN,1.0,0.0,INFO,No action,BENIGN
2026-03-29 14:48:05,192.168.1.11,10.0.0.168,80,BENIGN,0.9999,0.0001,INFO,No action,DDoS
2026-03-29 14:48:06,192.168.1.229,10.0.0.145,80,BENIGN,0.9999,0.0001,INFO,No action,DDoS
2026-03-29 14:48:07,192.168.1.145,10.0.0.192,80,BENIGN,0.9999,0.0001,INFO,No action,DDoS
2026-03-29 14:48:08,192.168.1.97,10.0.0.136,62089,BENIGN,0.9999,0.0001,INFO,No action,BENIGN
2026-03-29 14:48:09,192.168.1.221,10.0.0.109,53,BENIGN,0.9999,0.0001,INFO,No action,BENIGN
2026-03-29 14:48:10,192.168.1.149,10.0.0.202,80,BENIGN,0.9999,0.0001,INFO,No action,DDoS
2026-03-29 14:48:11,192.168.1.24,10.0.0.189,80,BENIGN,0.9999,0.0001,INFO,No action,DDoS
2026-03-29 14:48:12,192.168.1.176,10.0.0.40,80,BENIGN,0.9999,0.0001,INFO,No action,DDoS
2026-03-29 14:48:13,192.168.1.167,10.0.0.81,80,BENIGN,0.9999,0.0001,INFO,No action,DDoS
2026-03-29 14:48:14,192.168.1.76,10.0.0.39,49948,BENIGN,0.9999,0.0001,INFO,No action,BENIGN
2026-03-29 14:48:15,192.168.1.187,10.0.0.64,51052,BENIGN,0.9998,0.0002,INFO,No action,BENIGN
2026-03-29 14:48:16,192.168.1.218,10.0.0.253,80,BENIGN,0.9999,0.0001,INFO,No action,DDoS
2026-03-29 14:48:17,192.168.1.61,10.0.0.101,53,BENIGN,0.9999,0.0001,INFO,No action,BENIGN
2026-03-29 14:48:18,192.168.1.96,10.0.0.12,80,BENIGN,0.9999,0.0001,INFO,No action,DDoS
2026-03-29 16:32:30,192.168.1.227,10.0.0.156,53,BENIGN,0.9999,0.0001,INFO,No action,BENIGN
2026-03-29 16:32:31,192.168.1.48,10.0.0.161,80,BENIGN,0.9999,0.0001,INFO,No action,DDoS
2026-03-29 16:32:32,192.168.1.2,10.0.0.159,53,BENIGN,0.9999,0.0001,INFO,No action,BENIGN
2026-03-29 16:32:33,192.168.1.55,10.0.0.102,53,BENIGN,0.9999,0.0001,INFO,No action,BENIGN
2026-03-29 16:32:34,192.168.1.41,10.0.0.219,57262,BENIGN,0.9999,0.0001,INFO,No action,BENIGN
2026-03-29 16:32:35,192.168.1.56,10.0.0.94,80,BENIGN,1.0,0.0,INFO,No action,BENIGN
2026-03-29 16:32:36,192.168.1.5,10.0.0.66,80,BENIGN,0.9999,0.0001,INFO,No action,DDoS
2026-03-29 16:32:37,192.168.1.17,10.0.0.199,80,BENIGN,0.9999,0.0001,INFO,No action,DDoS
2026-03-29 16:32:38,192.168.1.198,10.0.0.36,80,BENIGN,0.9999,0.0001,INFO,No action,DDoS
2026-03-29 16:32:39,192.168.1.194,10.0.0.74,62089,BENIGN,0.9999,0.0001,INFO,No action,BENIGN
2026-03-29 16:32:40,192.168.1.131,10.0.0.110,53,BENIGN,0.9999,0.0001,INFO,No action,BENIGN
2026-03-29 16:32:41,192.168.1.133,10.0.0.165,80,BENIGN,0.9999,0.0001,INFO,No action,DDoS
2026-03-29 16:32:42,192.168.1.85,10.0.0.247,80,BENIGN,0.9999,0.0001,INFO,No action,DDoS
2026-03-29 16:32:43,192.168.1.125,10.0.0.67,80,BENIGN,0.9999,0.0001,INFO,No action,DDoS
2026-03-29 16:32:44,192.168.1.249,10.0.0.237,80,BENIGN,0.9999,0.0001,INFO,No action,DDoS
2026-03-29 16:32:45,192.168.1.186,10.0.0.121,49948,BENIGN,0.9999,0.0001,INFO,No action,BENIGN
2026-03-29 16:32:46,192.168.1.60,10.0.0.121,51052,BENIGN,0.9998,0.0002,INFO,No action,BENIGN
2026-03-29 16:32:47,192.168.1.224,10.0.0.166,80,BENIGN,0.9999,0.0001,INFO,No action,DDoS
2026-03-29 16:32:48,192.168.1.23,10.0.0.232,53,BENIGN,0.9999,0.0001,INFO,No action,BENIGN
2026-03-29 16:32:49,192.168.1.30,10.0.0.76,80,BENIGN,0.9999,0.0001,INFO,No action,DDoS
2026-03-29 19:19:43,192.168.1.80,10.0.0.121,53,BENIGN,0.9999,0.0001,INFO,No action,BENIGN
2026-03-29 19:19:44,192.168.1.107,10.0.0.214,80,BENIGN,0.9999,0.0001,INFO,No action,DDoS
2026-03-29 19:19:45,192.168.1.56,10.0.0.121,53,BENIGN,0.9999,0.0001,INFO,No action,BENIGN
2026-03-29 19:19:46,192.168.1.126,10.0.0.37,53,BENIGN,0.9999,0.0001,INFO,No action,BENIGN
2026-03-29 19:19:47,192.168.1.22,10.0.0.110,57262,BENIGN,0.9999,0.0001,INFO,No action,BENIGN
2026-03-29 19:19:48,192.168.1.61,10.0.0.145,80,BENIGN,1.0,0.0,INFO,No action,BENIGN
2026-03-29 19:43:18,192.168.1.204,10.0.0.209,53,BENIGN,0.9999,0.0001,INFO,No action,BENIGN
2026-03-29 19:43:19,192.168.1.113,10.0.0.171,80,BENIGN,0.9999,0.0001,INFO,No action,DDoS
2026-03-29 19:43:20,192.168.1.131,10.0.0.252,53,BENIGN,0.9999,0.0001,INFO,No action,BENIGN
2026-03-29 19:43:21,192.168.1.95,10.0.0.43,53,BENIGN,0.9999,0.0001,INFO,No action,BENIGN
2026-03-29 19:43:22,192.168.1.113,10.0.0.131,57262,BENIGN,0.9999,0.0001,INFO,No action,BENIGN
2026-03-29 19:43:23,192.168.1.4,10.0.0.54,80,BENIGN,1.0,0.0,INFO,No action,BENIGN
2026-03-29 19:43:24,192.168.1.214,10.0.0.14,80,BENIGN,0.9999,0.0001,INFO,No action,DDoS
2026-03-29 19:43:25,192.168.1.102,10.0.0.223,80,BENIGN,0.9999,0.0001,INFO,No action,DDoS
2026-03-29 19:43:26,192.168.1.136,10.0.0.28,80,BENIGN,0.9999,0.0001,INFO,No action,DDoS
2026-03-29 19:43:27,192.168.1.148,10.0.0.105,62089,BENIGN,0.9999,0.0001,INFO,No action,BENIGN
2026-03-29 19:43:28,192.168.1.111,10.0.0.231,53,BENIGN,0.9999,0.0001,INFO,No action,BENIGN
2026-03-29 19:43:29,192.168.1.98,10.0.0.69,80,BENIGN,0.9999,0.0001,INFO,No action,DDoS
2026-03-29 19:43:30,192.168.1.145,10.0.0.72,80,BENIGN,0.9999,0.0001,INFO,No action,DDoS
2026-03-29 19:43:31,192.168.1.147,10.0.0.92,80,BENIGN,0.9999,0.0001,INFO,No action,DDoS
2026-03-29 19:43:32,192.168.1.117,10.0.0.69,80,BENIGN,0.9999,0.0001,INFO,No action,DDoS
2026-03-29 19:43:33,192.168.1.176,10.0.0.21,49948,BENIGN,0.9999,0.0001,INFO,No action,BENIGN
2026-03-29 19:43:34,192.168.1.118,10.0.0.10,51052,BENIGN,0.9998,0.0002,INFO,No action,BENIGN
2026-03-29 19:43:35,192.168.1.72,10.0.0.22,80,BENIGN,0.9999,0.0001,INFO,No action,DDoS
2026-03-29 19:43:36,192.168.1.85,10.0.0.244,53,BENIGN,0.9999,0.0001,INFO,No action,BENIGN
2026-03-29 19:43:37,192.168.1.69,10.0.0.209,80,BENIGN,0.9999,0.0001,INFO,No action,DDoS
2026-03-29 19:47:58,192.168.1.21,10.0.0.172,53,BENIGN,0.9999,0.0001,INFO,No action,BENIGN
2026-03-29 19:47:59,192.168.1.89,10.0.0.55,80,BENIGN,0.9999,0.0001,INFO,No action,DDoS
2026-03-29 19:48:00,192.168.1.4,10.0.0.7,53,BENIGN,0.9999,0.0001,INFO,No action,BENIGN
2026-03-29 19:48:01,192.168.1.197,10.0.0.47,53,BENIGN,0.9999,0.0001,INFO,No action,BENIGN
2026-03-29 19:48:02,192.168.1.180,10.0.0.45,57262,BENIGN,0.9999,0.0001,INFO,No action,BENIGN
2026-03-29 19:48:03,192.168.1.158,10.0.0.123,80,BENIGN,1.0,0.0,INFO,No action,BENIGN
2026-03-29 19:48:04,192.168.1.222,10.0.0.187,80,BENIGN,0.9999,0.0001,INFO,No action,DDoS
2026-03-29 19:48:05,192.168.1.143,10.0.0.46,80,BENIGN,0.9999,0.0001,INFO,No action,DDoS
2026-03-29 19:48:06,192.168.1.31,10.0.0.75,80,BENIGN,0.9999,0.0001,INFO,No action,DDoS
2026-03-29 19:48:07,192.168.1.4,10.0.0.140,62089,BENIGN,0.9999,0.0001,INFO,No action,BENIGN
2026-03-29 19:48:25,192.168.1.53,10.0.0.227,53,BENIGN,0.9999,0.0001,INFO,No action,BENIGN
2026-03-29 19:48:26,192.168.1.35,10.0.0.178,80,BENIGN,0.9999,0.0001,INFO,No action,DDoS
2026-03-29 19:48:27,192.168.1.66,10.0.0.78,53,BENIGN,0.9999,0.0001,INFO,No action,BENIGN
2026-03-29 19:48:28,192.168.1.174,10.0.0.225,53,BENIGN,0.9999,0.0001,INFO,No action,BENIGN
2026-03-29 19:48:29,192.168.1.229,10.0.0.29,57262,BENIGN,0.9999,0.0001,INFO,No action,BENIGN
2026-03-29 19:48:30,192.168.1.132,10.0.0.56,80,BENIGN,1.0,0.0,INFO,No action,BENIGN
2026-03-29 19:48:31,192.168.1.168,10.0.0.25,80,BENIGN,0.9999,0.0001,INFO,No action,DDoS
2026-03-29 19:48:32,192.168.1.109,10.0.0.125,80,BENIGN,0.9999,0.0001,INFO,No action,DDoS
2026-03-29 19:48:33,192.168.1.68,10.0.0.201,80,BENIGN,0.9999,0.0001,INFO,No action,DDoS
2026-03-29 19:48:34,192.168.1.20,10.0.0.169,62089,BENIGN,0.9999,0.0001,INFO,No action,BENIGN
2026-03-29 19:48:35,192.168.1.127,10.0.0.145,53,BENIGN,0.9999,0.0001,INFO,No action,BENIGN
2026-03-29 19:48:36,192.168.1.94,10.0.0.180,80,BENIGN,0.9999,0.0001,INFO,No action,DDoS
2026-03-29 19:48:37,192.168.1.126,10.0.0.178,80,BENIGN,0.9999,0.0001,INFO,No action,DDoS
2026-03-29 19:48:38,192.168.1.122,10.0.0.130,80,BENIGN,0.9999,0.0001,INFO,No action,DDoS
2026-03-29 19:48:39,192.168.1.34,10.0.0.113,80,BENIGN,0.9999,0.0001,INFO,No action,DDoS
2026-03-29 19:48:40,192.168.1.18,10.0.0.209,49948,BENIGN,0.9999,0.0001,INFO,No action,BENIGN
2026-03-29 19:48:41,192.168.1.34,10.0.0.23,51052,BENIGN,0.9998,0.0002,INFO,No action,BENIGN
2026-03-29 19:48:42,192.168.1.188,10.0.0.117,80,BENIGN,0.9999,0.0001,INFO,No action,DDoS
2026-03-29 19:48:43,192.168.1.29,10.0.0.104,53,BENIGN,0.9999,0.0001,INFO,No action,BENIGN
2026-03-29 19:48:44,192.168.1.74,10.0.0.212,80,BENIGN,0.9999,0.0001,INFO,No action,DDoS
2026-03-30 00:13:27,192.168.1.147,10.0.0.127,53,BENIGN,0.9999,0.0001,INFO,No action,BENIGN
2026-03-30 00:13:28,192.168.1.91,10.0.0.234,80,BENIGN,0.9999,0.0001,INFO,No action,DDoS
2026-03-30 00:13:29,192.168.1.5,10.0.0.3,53,BENIGN,0.9999,0.0001,INFO,No action,BENIGN
2026-03-30 00:13:30,192.168.1.33,10.0.0.68,53,BENIGN,0.9999,0.0001,INFO,No action,BENIGN
2026-03-30 00:13:31,192.168.1.193,10.0.0.247,57262,BENIGN,0.9999,0.0001,INFO,No action,BENIGN
2026-03-30 00:13:32,192.168.1.167,10.0.0.80,80,BENIGN,1.0,0.0,INFO,No action,BENIGN
2026-03-30 00:13:33,192.168.1.54,10.0.0.12,80,BENIGN,0.9999,0.0001,INFO,No action,DDoS
2026-03-30 00:13:34,192.168.1.212,10.0.0.52,80,BENIGN,0.9999,0.0001,INFO,No action,DDoS
2026-03-30 00:13:35,192.168.1.225,10.0.0.221,80,BENIGN,0.9999,0.0001,INFO,No action,DDoS
2026-03-30 00:13:36,192.168.1.209,10.0.0.55,62089,BENIGN,0.9999,0.0001,INFO,No action,BENIGN
2026-03-30 00:13:37,192.168.1.27,10.0.0.161,53,BENIGN,0.9999,0.0001,INFO,No action,BENIGN
2026-03-30 00:13:38,192.168.1.140,10.0.0.234,80,BENIGN,0.9999,0.0001,INFO,No action,DDoS
2026-03-30 00:13:39,192.168.1.21,10.0.0.117,80,BENIGN,0.9999,0.0001,INFO,No action,DDoS
2026-03-30 00:13:40,192.168.1.213,10.0.0.122,80,BENIGN,0.9999,0.0001,INFO,No action,DDoS
2026-03-30 00:13:41,192.168.1.161,10.0.0.240,80,BENIGN,0.9999,0.0001,INFO,No action,DDoS
2026-03-30 00:13:42,192.168.1.64,10.0.0.19,49948,BENIGN,0.9999,0.0001,INFO,No action,BENIGN
2026-03-30 00:13:43,192.168.1.91,10.0.0.200,51052,BENIGN,0.9998,0.0002,INFO,No action,BENIGN
2026-03-30 00:13:44,192.168.1.212,10.0.0.225,80,BENIGN,0.9999,0.0001,INFO,No action,DDoS
2026-03-30 00:13:45,192.168.1.25,10.0.0.201,53,BENIGN,0.9999,0.0001,INFO,No action,BENIGN
2026-03-30 00:13:46,192.168.1.190,10.0.0.17,80,BENIGN,0.9999,0.0001,INFO,No action,DDoS
2026-03-30 19:12:54,192.168.1.3,10.0.0.125,53,BENIGN,0.9999,0.0001,INFO,No action,BENIGN
2026-03-30 19:12:55,192.168.1.52,10.0.0.114,80,BENIGN,0.9999,0.0001,INFO,No action,DDoS
2026-03-30 19:12:56,192.168.1.173,10.0.0.150,53,BENIGN,0.9999,0.0001,INFO,No action,BENIGN
2026-03-30 19:12:57,192.168.1.144,10.0.0.134,53,BENIGN,0.9999,0.0001,INFO,No action,BENIGN
2026-03-30 19:12:58,192.168.1.131,10.0.0.40,57262,BENIGN,0.9999,0.0001,INFO,No action,BENIGN
2026-03-30 19:12:59,192.168.1.177,10.0.0.169,80,BENIGN,1.0,0.0,INFO,No action,BENIGN
2026-03-30 19:13:00,192.168.1.81,10.0.0.199,80,BENIGN,0.9999,0.0001,INFO,No action,DDoS
2026-03-30 19:13:01,192.168.1.6,10.0.0.127,80,BENIGN,0.9999,0.0001,INFO,No action,DDoS
2026-03-30 19:13:02,192.168.1.128,10.0.0.166,80,BENIGN,0.9999,0.0001,INFO,No action,DDoS
2026-03-30 19:13:03,192.168.1.155,10.0.0.85,62089,BENIGN,0.9999,0.0001,INFO,No action,BENIGN
2026-03-30 19:13:04,192.168.1.115,10.0.0.60,53,BENIGN,0.9999,0.0001,INFO,No action,BENIGN
2026-03-30 19:13:05,192.168.1.62,10.0.0.219,80,BENIGN,0.9999,0.0001,INFO,No action,DDoS
2026-03-30 19:13:06,192.168.1.16,10.0.0.220,80,BENIGN,0.9999,0.0001,INFO,No action,DDoS
2026-03-30 19:13:07,192.168.1.17,10.0.0.217,80,BENIGN,0.9999,0.0001,INFO,No action,DDoS
2026-03-30 19:13:08,192.168.1.157,10.0.0.108,80,BENIGN,0.9999,0.0001,INFO,No action,DDoS
2026-03-30 19:13:09,192.168.1.176,10.0.0.234,49948,BENIGN,0.9999,0.0001,INFO,No action,BENIGN
2026-03-30 19:13:10,192.168.1.181,10.0.0.222,51052,BENIGN,0.9998,0.0002,INFO,No action,BENIGN
2026-03-30 19:13:11,192.168.1.223,10.0.0.203,80,BENIGN,0.9999,0.0001,INFO,No action,DDoS
2026-03-30 19:14:06,192.168.1.97,10.0.0.199,53,BENIGN,0.9999,0.0001,INFO,No action,BENIGN
2026-03-30 19:14:07,192.168.1.63,10.0.0.129,80,BENIGN,0.9999,0.0001,INFO,No action,DDoS
2026-03-30 19:14:08,192.168.1.47,10.0.0.158,53,BENIGN,0.9999,0.0001,INFO,No action,BENIGN
2026-03-30 19:14:09,192.168.1.187,10.0.0.159,53,BENIGN,0.9999,0.0001,INFO,No action,BENIGN
2026-03-30 19:14:10,192.168.1.139,10.0.0.72,57262,BENIGN,0.9999,0.0001,INFO,No action,BENIGN
2026-03-30 19:14:11,192.168.1.182,10.0.0.149,80,BENIGN,1.0,0.0,INFO,No action,BENIGN
2026-03-30 19:14:12,192.168.1.253,10.0.0.227,80,BENIGN,0.9999,0.0001,INFO,No action,DDoS
2026-03-30 19:14:13,192.168.1.185,10.0.0.246,80,BENIGN,0.9999,0.0001,INFO,No action,DDoS
2026-03-30 19:14:14,192.168.1.195,10.0.0.232,80,BENIGN,0.9999,0.0001,INFO,No action,DDoS
2026-03-30 19:14:15,192.168.1.211,10.0.0.106,62089,BENIGN,0.9999,0.0001,INFO,No action,BENIGN
2026-03-30 19:14:16,192.168.1.22,10.0.0.222,53,BENIGN,0.9999,0.0001,INFO,No action,BENIGN
2026-03-30 19:14:17,192.168.1.219,10.0.0.145,80,BENIGN,0.9999,0.0001,INFO,No action,DDoS
2026-03-30 19:14:18,192.168.1.76,10.0.0.109,80,BENIGN,0.9999,0.0001,INFO,No action,DDoS
2026-03-30 19:14:19,192.168.1.201,10.0.0.211,80,BENIGN,0.9999,0.0001,INFO,No action,DDoS
2026-03-30 19:14:20,192.168.1.238,10.0.0.75,80,BENIGN,0.9999,0.0001,INFO,No action,DDoS
2026-03-30 19:14:21,192.168.1.49,10.0.0.228,49948,BENIGN,0.9999,0.0001,INFO,No action,BENIGN
2026-03-30 19:14:22,192.168.1.240,10.0.0.225,51052,BENIGN,0.9998,0.0002,INFO,No action,BENIGN
2026-03-30 19:14:23,192.168.1.106,10.0.0.5,80,BENIGN,0.9999,0.0001,INFO,No action,DDoS
2026-03-30 19:14:24,192.168.1.159,10.0.0.81,53,BENIGN,0.9999,0.0001,INFO,No action,BENIGN
2026-03-30 19:14:25,192.168.1.59,10.0.0.11,80,BENIGN,0.9999,0.0001,INFO,No action,DDoS
2026-03-30 19:22:15,192.168.1.180,10.0.0.98,53,BENIGN,0.9999,0.0001,INFO,No action,BENIGN
2026-03-30 19:22:16,192.168.1.231,10.0.0.45,80,BENIGN,0.9999,0.0001,INFO,No action,DDoS
2026-03-30 19:22:17,192.168.1.20,10.0.0.158,53,BENIGN,0.9999,0.0001,INFO,No action,BENIGN
2026-03-30 19:22:18,192.168.1.70,10.0.0.164,53,BENIGN,0.9999,0.0001,INFO,No action,BENIGN
2026-03-30 19:22:19,192.168.1.171,10.0.0.160,57262,BENIGN,0.9999,0.0001,INFO,No action,BENIGN
2026-03-30 19:22:20,192.168.1.227,10.0.0.57,80,BENIGN,1.0,0.0,INFO,No action,BENIGN
2026-03-30 19:22:21,192.168.1.196,10.0.0.94,80,BENIGN,0.9999,0.0001,INFO,No action,DDoS
2026-03-30 19:22:22,192.168.1.26,10.0.0.110,80,BENIGN,0.9999,0.0001,INFO,No action,DDoS
2026-03-30 19:22:23,192.168.1.179,10.0.0.131,80,BENIGN,0.9999,0.0001,INFO,No action,DDoS
2026-03-30 19:22:24,192.168.1.102,10.0.0.215,62089,BENIGN,0.9999,0.0001,INFO,No action,BENIGN
2026-03-30 19:22:25,192.168.1.122,10.0.0.153,53,BENIGN,0.9999,0.0001,INFO,No action,BENIGN
2026-03-30 19:22:26,192.168.1.9,10.0.0.229,80,BENIGN,0.9999,0.0001,INFO,No action,DDoS
2026-03-30 19:22:27,192.168.1.56,10.0.0.189,80,BENIGN,0.9999,0.0001,INFO,No action,DDoS
2026-03-30 19:22:28,192.168.1.95,10.0.0.245,80,BENIGN,0.9999,0.0001,INFO,No action,DDoS
2026-03-30 19:22:29,192.168.1.108,10.0.0.111,80,BENIGN,0.9999,0.0001,INFO,No action,DDoS
2026-03-30 19:22:30,192.168.1.138,10.0.0.99,49948,BENIGN,0.9999,0.0001,INFO,No action,BENIGN
2026-03-30 19:22:31,192.168.1.166,10.0.0.195,51052,BENIGN,0.9998,0.0002,INFO,No action,BENIGN
2026-03-30 19:22:32,192.168.1.109,10.0.0.127,80,BENIGN,0.9999,0.0001,INFO,No action,DDoS
2026-03-30 19:22:33,192.168.1.226,10.0.0.84,53,BENIGN,0.9999,0.0001,INFO,No action,BENIGN
2026-03-30 19:22:34,192.168.1.107,10.0.0.14,80,BENIGN,0.9999,0.0001,INFO,No action,DDoS
2026-03-30 19:26:41,192.168.1.145,10.0.0.132,53,BENIGN,0.9999,0.0001,INFO,No action,BENIGN
2026-03-30 19:26:42,192.168.1.59,10.0.0.143,80,BENIGN,0.9999,0.0001,INFO,No action,DDoS
2026-03-30 19:26:43,192.168.1.240,10.0.0.15,53,BENIGN,0.9999,0.0001,INFO,No action,BENIGN
2026-03-30 19:26:44,192.168.1.192,10.0.0.73,53,BENIGN,0.9999,0.0001,INFO,No action,BENIGN
2026-03-30 19:26:45,192.168.1.190,10.0.0.121,57262,BENIGN,0.9999,0.0001,INFO,No action,BENIGN
2026-03-30 19:26:46,192.168.1.176,10.0.0.154,80,BENIGN,1.0,0.0,INFO,No action,BENIGN
2026-03-30 19:26:47,192.168.1.103,10.0.0.66,80,BENIGN,0.9999,0.0001,INFO,No action,DDoS
2026-03-30 19:26:48,192.168.1.54,10.0.0.70,80,BENIGN,0.9999,0.0001,INFO,No action,DDoS
2026-03-30 19:26:49,192.168.1.74,10.0.0.147,80,BENIGN,0.9999,0.0001,INFO,No action,DDoS
2026-03-30 19:26:50,192.168.1.25,10.0.0.19,62089,BENIGN,0.9999,0.0001,INFO,No action,BENIGN
2026-03-30 19:26:51,192.168.1.34,10.0.0.46,53,BENIGN,0.9999,0.0001,INFO,No action,BENIGN
2026-03-30 19:26:52,192.168.1.121,10.0.0.247,80,BENIGN,0.9999,0.0001,INFO,No action,DDoS
2026-03-30 19:26:53,192.168.1.200,10.0.0.215,80,BENIGN,0.9999,0.0001,INFO,No action,DDoS
2026-03-30 19:26:54,192.168.1.229,10.0.0.124,80,BENIGN,0.9999,0.0001,INFO,No action,DDoS
2026-03-30 19:26:55,192.168.1.204,10.0.0.144,80,BENIGN,0.9999,0.0001,INFO,No action,DDoS
2026-03-30 19:26:56,192.168.1.129,10.0.0.43,49948,BENIGN,0.9999,0.0001,INFO,No action,BENIGN
2026-03-30 19:26:57,192.168.1.153,10.0.0.10,51052,BENIGN,0.9998,0.0002,INFO,No action,BENIGN
2026-03-30 19:26:58,192.168.1.84,10.0.0.235,80,BENIGN,0.9999,0.0001,INFO,No action,DDoS
2026-03-30 19:26:59,192.168.1.111,10.0.0.107,53,BENIGN,0.9999,0.0001,INFO,No action,BENIGN
2026-03-30 19:27:00,192.168.1.214,10.0.0.75,80,BENIGN,0.9999,0.0001,INFO,No action,DDoS
2026-03-30 19:43:44,192.168.1.129,10.0.0.138,53,BENIGN,0.9999,0.0001,INFO,No action,BENIGN
2026-03-30 19:43:45,192.168.1.98,10.0.0.141,80,BENIGN,0.9999,0.0001,INFO,No action,DDoS
2026-03-30 19:43:46,192.168.1.39,10.0.0.222,53,BENIGN,0.9999,0.0001,INFO,No action,BENIGN
2026-03-30 19:43:47,192.168.1.195,10.0.0.180,53,BENIGN,0.9999,0.0001,INFO,No action,BENIGN
2026-03-30 19:43:48,192.168.1.23,10.0.0.44,57262,BENIGN,0.9999,0.0001,INFO,No action,BENIGN
2026-03-30 19:43:49,192.168.1.101,10.0.0.206,80,BENIGN,1.0,0.0,INFO,No action,BENIGN
2026-03-30 19:43:50,192.168.1.225,10.0.0.68,80,BENIGN,0.9999,0.0001,INFO,No action,DDoS
2026-03-30 19:43:51,192.168.1.212,10.0.0.60,80,BENIGN,0.9999,0.0001,INFO,No action,DDoS
2026-03-30 19:43:52,192.168.1.37,10.0.0.128,80,BENIGN,0.9999,0.0001,INFO,No action,DDoS
2026-03-30 19:43:53,192.168.1.167,10.0.0.135,62089,BENIGN,0.9999,0.0001,INFO,No action,BENIGN
2026-03-30 19:43:54,192.168.1.247,10.0.0.57,53,BENIGN,0.9999,0.0001,INFO,No action,BENIGN
2026-03-30 19:43:55,192.168.1.189,10.0.0.153,80,BENIGN,0.9999,0.0001,INFO,No action,DDoS
2026-03-30 19:43:56,192.168.1.196,10.0.0.186,80,BENIGN,0.9999,0.0001,INFO,No action,DDoS
2026-03-30 19:43:57,192.168.1.216,10.0.0.43,80,BENIGN,0.9999,0.0001,INFO,No action,DDoS
2026-03-30 19:43:58,192.168.1.152,10.0.0.157,80,BENIGN,0.9999,0.0001,INFO,No action,DDoS
2026-03-30 19:43:59,192.168.1.55,10.0.0.11,49948,BENIGN,0.9999,0.0001,INFO,No action,BENIGN
2026-03-30 19:44:00,192.168.1.34,10.0.0.74,51052,BENIGN,0.9998,0.0002,INFO,No action,BENIGN
2026-03-30 19:44:01,192.168.1.127,10.0.0.12,80,BENIGN,0.9999,0.0001,INFO,No action,DDoS
2026-03-30 19:44:02,192.168.1.170,10.0.0.166,53,BENIGN,0.9999,0.0001,INFO,No action,BENIGN
2026-03-30 19:44:03,192.168.1.78,10.0.0.162,80,BENIGN,0.9999,0.0001,INFO,No action,DDoS
2026-03-31 00:24:19,192.168.1.157,10.0.0.143,53,BENIGN,0.9999,0.0001,INFO,No action,BENIGN
2026-03-31 00:24:20,192.168.1.156,10.0.0.23,80,BENIGN,0.9999,0.0001,INFO,No action,DDoS
2026-03-31 00:24:21,192.168.1.196,10.0.0.12,53,BENIGN,0.9999,0.0001,INFO,No action,BENIGN
2026-03-31 00:24:22,192.168.1.242,10.0.0.20,53,BENIGN,0.9999,0.0001,INFO,No action,BENIGN
2026-03-31 00:24:23,192.168.1.132,10.0.0.227,57262,BENIGN,0.9999,0.0001,INFO,No action,BENIGN
2026-03-31 00:24:24,192.168.1.251,10.0.0.24,80,BENIGN,1.0,0.0,INFO,No action,BENIGN
2026-03-31 00:24:25,192.168.1.178,10.0.0.19,80,BENIGN,0.9999,0.0001,INFO,No action,DDoS
2026-03-31 00:24:26,192.168.1.154,10.0.0.147,80,BENIGN,0.9999,0.0001,INFO,No action,DDoS
2026-03-31 00:24:27,192.168.1.140,10.0.0.48,80,BENIGN,0.9999,0.0001,INFO,No action,DDoS
2026-03-31 00:24:28,192.168.1.44,10.0.0.56,62089,BENIGN,0.9999,0.0001,INFO,No action,BENIGN
2026-03-31 00:24:29,192.168.1.174,10.0.0.80,53,BENIGN,0.9999,0.0001,INFO,No action,BENIGN
2026-03-31 00:24:30,192.168.1.40,10.0.0.29,80,BENIGN,0.9999,0.0001,INFO,No action,DDoS
2026-03-31 00:24:31,192.168.1.21,10.0.0.213,80,BENIGN,0.9999,0.0001,INFO,No action,DDoS
2026-03-31 00:24:32,192.168.1.45,10.0.0.50,80,BENIGN,0.9999,0.0001,INFO,No action,DDoS
2026-03-31 00:24:33,192.168.1.22,10.0.0.219,80,BENIGN,0.9999,0.0001,INFO,No action,DDoS
2026-03-31 00:24:34,192.168.1.32,10.0.0.230,49948,BENIGN,0.9999,0.0001,INFO,No action,BENIGN
2026-03-31 00:24:35,192.168.1.6,10.0.0.107,51052,BENIGN,0.9998,0.0002,INFO,No action,BENIGN
2026-03-31 00:24:36,192.168.1.21,10.0.0.75,80,BENIGN,0.9999,0.0001,INFO,No action,DDoS
2026-03-31 00:24:37,192.168.1.6,10.0.0.207,53,BENIGN,0.9999,0.0001,INFO,No action,BENIGN
2026-03-31 00:24:38,192.168.1.46,10.0.0.247,80,BENIGN,0.9999,0.0001,INFO,No action,DDoS
